time,T_measured,T_predicted_60s,error,action_taken,power_W,estimated_C,estimated_eps
0,20.248357076505616,24.924506672676216,-0.20605748586944728,NOMINAL,30.0,319.8024319418912,0.5491570429520691
5,20.651100307620975,25.238131355009216,-0.24284099871978881,NOMINAL,30.0,319.5644456853508,0.5481422618372642
10,21.72689894392429,25.53764962557682,0.40762143403069473,NOMINAL,30.0,319.97235375781065,0.5498803007314804
15,22.811818155384746,25.822977014116645,1.0815495619373827,NOMINAL,30.0,321.07412218570806,0.5545807732270853
20,22.546782598577785,26.109657524610498,0.4199596476333127,NOMINAL,30.0,321.50824496893637,0.55643924778103
25,23.12855068008169,26.38873925000928,0.617992163418382,NOMINAL,30.0,322.15728036578037,0.5592215175325238
30,24.587077302913656,26.650641477102113,1.7051066116803213,NOMINAL,30.0,323.97391785428897,0.5670247574353032
35,24.70499326738957,26.91006718823519,1.4644629509293736,NOMINAL,30.0,325.5497343197234,0.5738317365569846
40,24.584117496454734,27.169951502498407,0.9967750345441679,NOMINAL,30.0,326.63303765030696,0.5785339913764398
45,25.56325602764567,27.419026178155946,1.6395630106020107,NOMINAL,30.0,328.4343435942759,0.5863788718059882
50,25.51063993063335,27.668144314701124,1.2610577654388955,NOMINAL,30.0,329.8309754247085,0.5924948965856016
55,25.938751438029385,27.91271741568255,1.3726207250941798,NOMINAL,30.0,331.3644872533896,0.5992388926159912
60,26.702333525993172,28.14952179265572,1.8284562417289045,NOMINAL,30.0,333.42328343973077,0.6083350518512736
65,26.016418691680094,28.39313900127553,0.8434209006265476,NOMINAL,30.0,334.37844015146527,0.6125813383449537
70,26.485705317360267,28.632733859112818,1.0206186950547895,NOMINAL,30.0,335.54434113477066,0.6177793670405366
75,27.426880139290567,28.863760109428767,1.6763826110758302,NOMINAL,30.0,337.4740869682213,0.6264129042971067
80,27.54750467097871,29.094091926207852,1.5183797043412852,NOMINAL,30.0,339.2307594031108,0.6343173233113277
85,28.544187589920895,29.315561089823007,2.2425445367614856,NOMINAL,30.0,341.8388338908354,0.6461138444986704
90,28.254583574022888,29.540191741120452,1.6866958199922237,NOMINAL,30.0,343.8051967252168,0.6550762335428196
95,28.31343597388264,29.765080026494047,1.4845868597186112,NOMINAL,30.0,345.5429434449716,0.6630421849140719
100,30.05387161341927,29.974968742855935,2.96874105550652,NOMINAL,30.0,349.0334823464194,0.6791239327302778
105,29.50102890670811,30.190235336998512,2.1651499097369786,NOMINAL,30.0,351.5770610689385,0.6909611879188524
110,29.932843759636835,30.402465574055498,2.3506360277772096,NOMINAL,30.0,354.3432710296944,0.7039283341628813
115,29.46498502914655,30.619569890369462,1.6406471805562042,NOMINAL,30.0,356.27571585824205,0.7130583184513078
120,30.177332586216234,30.831676239604292,2.1141596942018985,NOMINAL,30.0,358.77364203081856,0.7249243242552511
125,30.771750994414457,31.039687618750236,2.4731139118740764,NOMINAL,30.0,361.6996827786738,0.7389214748664323
130,30.40282485582352,31.25169715914427,1.8720733538930538,NOMINAL,30.0,363.9147106953277,0.749603806797094
135,31.424086361318743,31.456355070853988,2.663842131695773,NOMINAL,30.0,367.07256944815254,0.7649263568564401
140,31.190289880292315,31.66380367887274,2.2035140451506017,NOMINAL,30.0,369.68265692100806,0.7777009103917134
145,31.596120088716514,31.869032625034606,2.385195010290186,NOMINAL,30.0,372.5096932224937,0.791635660940318
150,31.689946640261073,32.07453611151993,2.2571724150810475,NOMINAL,30.0,375.18485231053,0.804922630156395
155,33.1636986203846,32.26939281486284,3.511088195951693,NOMINAL,30.0,379.34731768456686,0.8257452162444711
160,32.4759126321417,32.47021423622414,2.6061462957581796,NOMINAL,30.0,382.4254328021802,0.8413142124230167
165,32.19763146050507,32.674136672789245,2.1125794661147594,NOMINAL,30.0,384.91835263551746,0.8540256250390855
170,33.380659167880395,32.87016299125304,3.081719301589345,NOMINAL,30.0,388.5570266749985,0.8727001905998143
175,32.601259160439724,33.072829343777585,2.090326246659913,NOMINAL,30.0,391.01912874115544,0.885455751375765
180,33.55809399428049,33.26949873470079,2.8362956940349378,NOMINAL,30.0,394.361782507706,0.9028829722221643
185,32.71576154700043,33.47326049423265,1.784591078159771,NOMINAL,30.0,396.4613580740067,0.9139228703933107
190,33.27363292501852,33.6742379544894,2.133829146842544,NOMINAL,30.0,398.97536175591506,0.9272122745790765
195,34.27869959439048,33.86900271067117,2.9311431329796633,NOMINAL,30.0,402.42986735946295,0.9455891095505878
200,34.79265625098426,34.060828776308426,3.238631702708311,NOMINAL,30.0,406.23892351577956,0.9660274824006044
205,34.753049229609466,34.254268234252606,2.993931908782308,NOMINAL,30.0,409.74983652426283,0.98
210,34.85442964466202,34.44970427876814,2.891364417767221,NOMINAL,30.0,413.1330057622453,0.98
215,35.007678118719355,34.64528552741393,2.8416775400912684,NOMINAL,30.0,416.451745736683,0.98
220,34.66615721991718,34.84403529071187,2.2981329678122506,NOMINAL,30.0,419.1310245870498,0.98
225,35.2940057924213,35.04032596009972,2.7244948459762384,NOMINAL,30.0,422.3067188033268,0.98
230,35.67353481882959,35.23555593653697,2.903248288909488,NOMINAL,30.0,425.6860260955951,0.98
235,36.68384025884809,35.42603738712779,3.7135140160591646,NOMINAL,30.0,430.0003244673184,0.98
240,36.58008161547458,35.61808231627248,3.4108071992028073,NOMINAL,30.0,433.9468563720851,0.98
245,35.781372466186916,35.81570415188827,2.4139844137528925,NOMINAL,30.0,436.7311266175119,0.98
250,37.0812291499916,36.00731601275925,3.515964291458772,NOMINAL,30.0,440.78445366990155,0.98
255,36.9846532009828,36.20049522537204,3.2222585598709728,NOMINAL,30.0,444.48664294500935,0.98
260,37.09848200787352,36.39415272780383,3.1394781205254176,NOMINAL,30.0,448.0845086421465,0.98
265,38.004291856704995,36.584015143893794,3.8490926666632532,NOMINAL,30.0,452.48545949612276,0.98
270,38.477239009659705,36.77231321220444,4.12654698710562,NOMINAL,30.0,457.1844970573025,0.98
275,38.69244531683904,36.960385879324065,4.147022527017555,NOMINAL,30.0,461.88480888229356,0.98
280,38.074042025786845,37.15255641411733,3.334584247172792,NOMINAL,30.0,465.6468393637965,0.98
285,38.60766263304514,37.34305641422708,3.67441870180987,NOMINAL,30.0,469.781712210497,0.98
290,39.19827848255145,37.53154860426105,4.071609546221659,NOMINAL,30.0,474.3483676437776,0.98
295,39.79253948581567,37.71797305191018,4.472938737823199,NOMINAL,30.0,479.34413935397305,0.98
300,39.33901978616781,37.90742579476387,3.827105780974037,NOMINAL,30.0,483.5970708146319,0.98
305,39.76131057023844,38.095755463370665,4.057361878740785,NOMINAL,30.0,488.09039332682283,0.98
310,39.57816834276053,38.285823332381426,3.682525676383186,NOMINAL,30.0,492.1527543442635,0.98
315,39.81205681156359,38.47571469203234,3.724863385283129,NOMINAL,30.0,496.2496489857538,0.98
320,41.09683854500317,38.66704421794799,4.8182291750054205,NOMINAL,30.0,500.0,0.98
325,41.65066216634358,38.874423627049055,5.180621270032816,NOMINAL,30.0,500.0,0.98
330,41.22001179599271,39.08296431834714,4.557090262768547,NOMINAL,30.0,500.0,0.98
335,42.0427210316317,39.29263679285299,5.185487848862991,NOMINAL,30.0,500.0,0.98
340,42.00812608476426,39.50341096183979,4.955169592470071,NOMINAL,30.0,500.0,0.98
345,41.79246833289411,39.7152561964578,4.5423974271091865,NOMINAL,30.0,500.0,0.98
350,42.58476204488541,39.92814137571486,5.136207326822571,NOMINAL,30.0,500.0,0.98
355,43.46338226123959,40.1420349327733,5.814997130307461,NOMINAL,30.0,500.0,0.98
360,42.96796096209133,40.35690489953561,5.118422651603204,NOMINAL,30.0,500.0,0.98
365,44.060861574886964,40.5727189495052,6.00887212993397,NOMINAL,30.0,500.0,0.98
370,42.26243330982076,40.789444438923965,4.006720507302795,NOMINAL,30.0,500.0,0.98
375,44.2780674124353,41.00704844619787,5.817385623663718,NOMINAL,30.0,500.0,0.98
380,44.20643739748337,41.22549780962993,5.539568394108329,NOMINAL,30.0,500.0,0.98
385,44.310138035445064,41.44475916348921,5.43589173973011,NOMINAL,30.0,500.0,0.98
390,44.8031224694296,41.66479897244665,5.720337650108398,NOMINAL,30.0,500.0,0.98
395,44.06187264823754,41.88558356441604,4.769417563351482,NOMINAL,30.0,500.0,0.98
400,45.244992826110504,42.107079161838726,5.74176581435087,NOMINAL,30.0,500.0,0.98
405,45.8332552979078,42.32925191145557,6.118185320077046,NOMINAL,30.0,500.0,0.98
410,46.69415683141708,42.55206791260986,6.766203963687509,NOMINAL,30.0,500.0,0.98
415,45.99716814967712,42.775493244125585,5.855324030367399,NOMINAL,30.0,500.0,0.98
420,46.1536748538526,42.999493989808514,5.79696308546405,NOMINAL,30.0,500.0,0.98
425,46.60912903493905,43.224036262614334,6.03660554320188,NOMINAL,30.0,500.0,0.98
430,47.620204907466,43.449086227532234,6.830958259140495,NOMINAL,30.0,500.0,0.98
435,47.62972935606642,43.67461012322639,6.622881037228964,NOMINAL,30.0,500.0,0.98
440,47.50362102024657,43.900574282484115,6.278325676767238,NOMINAL,30.0,500.0,0.98
445,48.328523720383714,44.12694515151259,6.883969362272865,NOMINAL,30.0,500.0,0.98
450,48.42400394186941,44.353689308128935,6.759412113136044,NOMINAL,30.0,500.0,0.98
455,49.16349439592046,44.5807734788869,7.278120311546395,NOMINAL,30.0,500.0,0.98
460,48.63192954859391,44.80816455518044,6.525062200186589,NOMINAL,30.0,500.0,0.98
465,49.12293320453106,45.03582960836644,6.793895436174445,NOMINAL,30.0,500.0,0.98
470,49.39448956004386,45.263735903945815,6.8426381158214085,NOMINAL,30.0,500.0,0.98
475,49.16248457519225,45.49185091484031,6.387210119810106,NOMINAL,30.0,500.0,0.98
480,50.34586824234424,45.720142333805086,7.346595356236207,NOMINAL,30.0,500.0,0.98
485,50.63171875464776,45.94857808500967,7.407905904897241,NOMINAL,30.0,500.0,0.98
490,50.80689788740995,46.177126334826085,7.358037375776753,NOMINAL,30.0,500.0,0.98
495,50.989915486302614,46.40575550185537,7.315533375597347,NOMINAL,30.0,500.0,0.98
500,50.70206103129766,46.63443426622666,6.801717051300045,NOMINAL,30.0,500.0,0.98
505,51.50158293267283,46.86313157820035,7.37487036674618,NOMINAL,30.0,500.0,0.98
510,51.84228255033,47.09181666610567,7.488828103839438,NOMINAL,30.0,500.0,0.98
515,51.91376439192741,47.320459043642416,7.333228043527221,NOMINAL,30.0,500.0,0.98
520,52.53500717797532,47.54902851657562,7.727082014787797,NOMINAL,30.0,500.0,0.98
525,53.11786185364613,47.77749518885025,8.082273891314998,NOMINAL,30.0,500.0,0.98
530,54.15851155738022,48.00582946815274,8.895019545939931,NOMINAL,30.0,500.0,0.98
535,53.60164270278008,48.234002070944484,8.110037919245741,NOMINAL,30.0,500.0,0.98
540,53.94137521900919,48.461984026992525,8.221481247552589,NOMINAL,30.0,500.0,0.98
545,54.07289317066064,48.689746683420424,8.124565671202923,NOMINAL,30.0,500.0,0.98
550,53.447476151159634,48.917261708303215,7.270602617174944,NOMINAL,30.0,500.0,0.98
555,54.689540428940546,49.14450109382625,8.28403993523213,NOMINAL,30.0,500.0,0.98
560,55.02799930953031,49.371437159031814,8.393822250706272,NOMINAL,30.0,500.0,0.98
565,56.52370537638534,49.59804255217108,9.660833196730877,NOMINAL,30.0,500.0,0.98
570,55.48918006812736,49.824290252683625,8.39762498353847,NOMINAL,30.0,500.0,0.98
575,56.02845018700617,50.05015357282036,8.708254899621181,NOMINAL,30.0,500.0,0.98
580,56.15164072745485,50.27560615893026,8.602878133590835,NOMINAL,30.0,500.0,0.98
585,55.8749469858135,50.50062199242734,8.097719877787775,NOMINAL,30.0,500.0,0.98
590,57.31992202520886,50.725175390453785,9.31436278759859,NOMINAL,30.0,500.0,0.98
595,57.41260364578459,50.949241006256386,9.178873946652566,NOMINAL,30.0,500.0,0.98
600,57.71914893287294,51.172793829291095,9.257439410462553,NOMINAL,30.0,500.0,0.98
605,57.154772534422904,51.39580918507016,8.46530247980175,NOMINAL,30.0,500.0,0.98
610,58.59550307078991,51.618262734766404,9.678520106899278,NOMINAL,30.0,500.0,0.98
615,57.47659598144895,51.8401304745874,8.332375738993107,NOMINAL,30.0,500.0,0.98
620,58.75311189872996,52.061388734934155,9.381957689319727,NOMINAL,30.0,500.0,0.98
625,59.83579023679854,52.2820141793548,10.238032723742059,NOMINAL,30.0,500.0,0.98
630,58.52486224181168,52.501983803306075,8.70085910892643,NOMINAL,30.0,500.0,0.98
635,59.01521077693723,52.72127493273456,8.965346395738372,NOMINAL,30.0,500.0,0.98
640,59.62504882936587,52.939865222488095,9.349733924968056,NOMINAL,30.0,500.0,0.98
645,59.59895675496454,53.157732654567326,9.09862807101694,NOMINAL,30.0,500.0,0.98
650,59.34941653484129,53.374855536228495,8.624536497799234,NOMINAL,30.0,500.0,0.98
655,60.43164057198175,53.591212497946344,9.48269695500182,NOMINAL,30.0,500.0,0.98
660,60.13735077913169,53.80678249124668,8.964856365862609,NOMINAL,30.0,500.0,0.98
665,61.17495127892531,54.02154478641717,9.779443527451328,NOMINAL,30.0,500.0,0.98
670,60.74658100587755,54.235478970105135,9.128621713057903,NOMINAL,30.0,500.0,0.98
675,62.24786135780743,54.448564942809696,10.408036324241145,NOMINAL,30.0,500.0,0.98
680,61.34630943006469,54.6607829162769,9.285228125897206,NOMINAL,30.0,500.0,0.98
685,61.84036660701443,54.87211341080473,9.558661838790357,NOMINAL,30.0,500.0,0.98
690,62.670015662655224,55.08253725246391,10.16834324140941,NOMINAL,30.0,500.0,0.98
695,61.90806255844333,55.29203557024397,9.187100969210832,NOMINAL,30.0,500.0,0.98
700,62.895820425429704,55.500589793127915,9.956270498344693,NOMINAL,30.0,500.0,0.98
705,63.692596280830706,55.70818164710363,10.535180863973288,NOMINAL,30.0,500.0,0.98
710,62.49053757115181,55.9147931521166,9.116001205292413,NOMINAL,30.0,500.0,0.98
715,63.64015187596865,56.12040661897038,10.049260471349463,NOMINAL,30.0,500.0,0.98
720,63.92961569882365,56.325004646180105,10.123156214107297,NOMINAL,30.0,500.0,0.98
725,64.44069129106924,56.52857011678287,10.419471414576947,NOMINAL,30.0,500.0,0.98
730,63.67965932184189,56.73108619511106,9.444507155193783,NOMINAL,30.0,500.0,0.98
735,63.88449398991213,56.93253632353287,9.436257734175229,NOMINAL,30.0,500.0,0.98
740,65.05049747234807,57.132904219164004,10.390045116789452,NOMINAL,30.0,500.0,0.98
745,65.18102460857399,57.33217387055464,10.309243622108923,NOMINAL,30.0,500.0,0.98
750,65.39897031321131,57.53032953435621,10.316767338630044,NOMINAL,30.0,500.0,0.98
755,65.68631090623784,57.72735573197127,10.394611457287155,NOMINAL,30.0,500.0,0.98
760,65.41059432520771,57.92323724618933,9.910342486597273,NOMINAL,30.0,500.0,0.98
765,66.10239646455398,58.11795911781377,10.394554594951558,NOMINAL,30.0,500.0,0.98
770,66.36659829409454,58.31150664228085,10.452146732168373,NOMINAL,30.0,500.0,0.98
775,66.09479515007257,58.50386536627508,9.974731923633158,NOMINAL,30.0,500.0,0.98
780,67.61487049896743,58.69502108434443,11.2902110372562,NOMINAL,30.0,500.0,0.98
785,67.1470032584817,58.884959835515815,10.61878010764903,NOMINAL,30.0,500.0,0.98
790,66.54061771865604,59.07366789991562,9.809880260465874,NOMINAL,30.0,500.0,0.98
795,67.68879634793441,59.26113179539675,10.756610521728561,NOMINAL,30.0,500.0,0.98
800,67.09548482453923,59.44733827417383,9.962932852490127,NOMINAL,30.0,500.0,0.98
805,68.19671908171934,59.632274319470355,10.86489919739536,NOMINAL,30.0,500.0,0.98
810,68.60085998219625,59.81592714217783,11.070886162460567,NOMINAL,30.0,500.0,0.98
815,67.8276303437193,59.99828417753025,10.10063204397909,NOMINAL,30.0,500.0,0.98
820,68.93408268836883,60.17933308179511,11.011204581188096,NOMINAL,30.0,500.0,0.98
825,68.87121223309661,60.35906172898211,10.753613950182725,NOMINAL,30.0,500.0,0.98
830,69.28627352866373,60.537458207572854,10.975129406234473,NOMINAL,30.0,500.0,0.98
835,70.03204694685851,60.714510817270195,11.528545774393791,NOMINAL,30.0,500.0,0.98
840,69.16733980637994,60.89020806577139,10.472684578758816,NOMINAL,30.0,500.0,0.98
845,69.11751693976773,61.06453866556467,10.232924612789319,NOMINAL,30.0,500.0,0.98
850,69.25193832594371,61.23749153075062,10.178639575227947,NOMINAL,30.0,500.0,0.98
855,69.48905215002424,61.40905577388992,10.228291133285609,NOMINAL,30.0,500.0,0.98
860,70.05661154685659,61.57922070287822,10.609645669542388,NOMINAL,30.0,500.0,0.98
865,70.46187922601258,61.74797581784924,10.829978910294315,NOMINAL,30.0,500.0,0.98
870,70.62371781405989,61.915310808106085,10.808166271165362,NOMINAL,30.0,500.0,0.98
875,71.09095439821817,62.08121554908314,11.093047404089134,NOMINAL,30.0,500.0,0.98
880,70.87376833526393,62.24568009933796,10.694814009522972,NOMINAL,30.0,500.0,0.98
885,71.78184659486476,62.408694697574276,11.423165183072854,NOMINAL,30.0,500.0,0.98
890,71.10846436949333,62.570249759696935,10.571388028678598,NOMINAL,30.0,500.0,0.98
895,72.78448538456509,62.73033587589873,12.070357972001446,NOMINAL,30.0,500.0,0.98
900,71.91873120359789,62.88894380778066,11.02890806881085,NOMINAL,30.0,500.0,0.98
905,71.35669832135653,63.046064485504246,10.292546101332675,NOMINAL,30.0,500.0,0.98
910,71.42708758486019,63.20168900497919,10.189984002434798,NOMINAL,30.0,500.0,0.98
915,72.37889845325529,63.355808625083114,10.970232118652433,NOMINAL,30.0,500.0,0.98
920,72.19892563996763,63.508414764916836,10.620095855465479,NOMINAL,30.0,500.0,0.98
925,72.838513319805,63.659499001093536,11.090929887498163,NOMINAL,30.0,500.0,0.98
930,72.88684423148031,63.809053065063324,10.971927264110306,NOMINAL,30.0,500.0,0.98
935,72.78037483944502,63.95706884047161,10.699554574269541,NOMINAL,30.0,500.0,0.98
940,72.5578032334443,64.1035383605539,10.312519849114096,NOMINAL,30.0,500.0,0.98
945,72.38602974866947,64.24845380556462,9.977733185082542,NOMINAL,30.0,500.0,0.98
950,73.08028733445722,64.39180750024218,10.510437115557849,NOMINAL,30.0,500.0,0.98
955,73.88966970039365,64.5335919113084,11.15973475988477,NOMINAL,30.0,500.0,0.98
960,73.72427272271437,64.67379964500418,10.835731232649607,NOMINAL,30.0,500.0,0.98
965,73.1479382198863,64.81242344466011,10.102277422109438,NOMINAL,30.0,500.0,0.98
970,74.00880233961067,64.94945618830224,10.807518380008275,NOMINAL,30.0,500.0,0.98
975,74.26409377787441,65.08489088629375,10.90869154340767,NOMINAL,30.0,500.0,0.98
980,73.77654509378428,65.21872067901086,10.268538052266393,NOMINAL,30.0,500.0,0.98
985,74.44018729995439,65.350938834555,10.781097342538132,NOMINAL,30.0,500.0,0.98
990,74.535089077658,65.4815387464987,10.726446363999543,NOMINAL,30.0,500.0,0.98
995,74.07496552547366,65.61051393166798,10.118308331537037,NOMINAL,30.0,500.0,0.98
1000,74.96361336280317,65.7378580279576,10.860487931270868,NOMINAL,30.0,500.0,0.98
1005,75.20118119048355,65.8635647921825,10.953141583737576,NOMINAL,30.0,500.0,0.98
1010,75.59618132729024,65.98762809796239,11.20478928292873,NOMINAL,30.0,500.0,0.98
1015,75.71321845119682,66.11004193364101,11.180043240050665,NOMINAL,30.0,500.0,0.98
1020,74.62693691609041,66.23080040024018,9.953555202704536,NOMINAL,30.0,500.0,0.98
1025,74.97410332878819,66.34989770944577,10.162099034332172,NOMINAL,30.0,500.0,0.98
1030,75.82556552433658,66.46732818162894,10.876529691909411,NOMINAL,30.0,500.0,0.98
1035,75.94775851934261,66.58308624389946,10.86328918163619,NOMINAL,30.0,500.0,0.98
1040,76.0689905648149,66.6971664281927,10.850692614100922,NOMINAL,30.0,500.0,0.98
1045,77.85621517576499,66.80956336938965,12.505700236170242,NOMINAL,30.0,500.0,0.98
1050,76.33145702226642,66.92027180346838,10.850343324301775,NOMINAL,30.0,500.0,0.98
1055,76.72773473569957,67.02928656568878,11.117646993007142,NOMINAL,30.0,500.0,0.98
1060,76.74866902808337,67.13660258880839,11.011238316367823,NOMINAL,30.0,500.0,0.98
1065,76.70685443751593,67.2422149013309,10.843718075624864,NOMINAL,30.0,500.0,0.98
1070,76.330787723222,67.3461186257851,10.34358915634131,NOMINAL,30.0,500.0,0.98
1075,76.97294186929437,67.4483089770352,10.863330554224348,NOMINAL,30.0,500.0,0.98
1080,76.30984953289048,67.54878126062198,10.079480825368634,NOMINAL,30.0,500.0,0.98
1085,76.67842634723833,67.64753087113445,10.328961391275143,NOMINAL,30.0,500.0,0.98
1090,76.65249475006853,67.7445532906114,10.1856003692629,NOMINAL,30.0,500.0,0.98
1095,77.03222063338235,67.83984408697313,10.449569224183008,NOMINAL,30.0,500.0,0.98
1100,78.2424849243033,67.93339891248206,11.545754351183504,NOMINAL,30.0,500.0,0.98
1105,76.24315909666471,68.02521350223373,9.434032589177363,NOMINAL,30.0,500.0,0.98
1110,77.6093208160336,68.11528367267505,10.689486867714237,NOMINAL,30.0,500.0,0.98
1115,76.54699385240966,68.20360532015263,9.518146121495107,NOMINAL,30.0,500.0,0.98
1120,77.20230808535376,68.2901744194885,10.066145297284663,NOMINAL,30.0,500.0,0.98
1125,78.06543189258451,68.37498702258398,10.823657744259549,NOMINAL,30.0,500.0,0.98
1130,77.63353876466584,68.4580392570511,10.287861830417285,NOMINAL,30.0,500.0,0.98
1135,77.1407274072991,68.53932732487112,9.692861046557368,NOMINAL,30.0,500.0,0.98
1140,77.39790721169618,68.61884750108067,9.849569478313867,NOMINAL,30.0,500.0,0.98
1145,78.16907484085075,68.69659613248359,10.521988394054773,NOMINAL,30.0,500.0,0.98
1150,77.53556663245259,68.77256963638979,9.791458649394613,NOMINAL,30.0,500.0,0.98
1155,78.07820980812562,68.84676449937973,10.238811898001131,NOMINAL,30.0,500.0,0.98
1160,78.05975313057405,68.91917727609479,10.12680125028038,NOMINAL,30.0,500.0,0.98
1165,77.77590946211787,68.98980458805289,9.751143833421693,NOMINAL,30.0,500.0,0.98
1170,79.23617947489467,69.05864312248929,11.121344503080792,NOMINAL,30.0,500.0,0.98
1175,78.54141978968599,69.12568963122163,10.338263983658095,NOMINAL,30.0,500.0,0.98
1180,77.26989661517165,69.19094092954015,8.980172508977361,NOMINAL,30.0,500.0,0.98
1185,78.43145724674707,69.25439389512167,10.056921322499022,NOMINAL,30.0,500.0,0.98
1190,78.06085339828246,69.31604546696707,9.603266010447896,NOMINAL,30.0,500.0,0.98
1195,78.86923404857444,69.37589264436264,10.330359349606425,NOMINAL,30.0,500.0,0.98
1200,78.09578185854656,69.43393248586472,9.47738772582909,NOMINAL,30.0,500.0,0.98
1205,78.48145287360825,69.49016210830678,9.785310837689337,NOMINAL,30.0,500.0,0.98
1210,78.83584758033014,69.54457868582983,10.063732754416193,NOMINAL,30.0,500.0,0.98
1215,79.05851835928355,69.59717944893401,10.212209369969187,NOMINAL,30.0,500.0,0.98
1220,78.06553338387768,69.64796168355372,9.14681230308527,NOMINAL,30.0,500.0,0.98
1225,78.53622586064174,69.69692273015318,9.546878138745143,NOMINAL,30.0,500.0,0.98
1230,78.50155287439809,69.7440599828438,9.44336727450603,NOMINAL,30.0,500.0,0.98
1235,78.44566425101378,69.78937088852302,9.320432784387592,NOMINAL,30.0,500.0,0.98
1240,79.68611376680707,69.83285294603434,10.49563162938847,NOMINAL,30.0,500.0,0.98
1245,79.03468990937213,69.87450370534634,9.78075541939748,NOMINAL,30.0,500.0,0.98
1250,78.2283243265147,69.91432076675437,8.912738863190981,NOMINAL,30.0,500.0,0.98
1255,79.3420196124042,69.95230178010053,9.966587555624116,NOMINAL,30.0,500.0,0.98
1260,79.96624442822083,69.98844444401396,10.532773099293266,NOMINAL,30.0,500.0,0.98
1265,79.44123230340597,70.02274650517114,9.95153190677911,NOMINAL,30.0,500.0,0.98
1270,78.18290400909925,70.05520575757481,8.63878757505384,NOMINAL,30.0,500.0,0.98
1275,78.71581759843455,70.08582004185229,9.119100926724727,NOMINAL,30.0,500.0,0.98
1280,79.60449254914852,70.11458724457265,9.956994153568417,NOMINAL,30.0,500.0,0.98
1285,78.62806167551116,70.14150529758217,8.931602729365409,NOMINAL,30.0,500.0,0.98
1290,79.21242307096978,70.16657217735792,9.46882735342669,NOMINAL,30.0,500.0,0.98
1295,79.38420529072559,70.18978590437996,9.595299134031364,NOMINAL,30.0,500.0,0.98
1300,78.53755636006287,70.21114454252091,8.705168597596582,NOMINAL,30.0,500.0,0.98
1305,78.97315116252726,70.2306461984532,9.099113077675511,NOMINAL,30.0,500.0,0.98
1310,77.38193183769458,70.24828902107333,7.468077113525723,NOMINAL,30.0,500.0,0.98
1315,78.48778330729091,70.26407120094393,8.53594797700869,NOMINAL,30.0,500.0,0.98
1320,78.86886517668914,70.27799096975207,8.880887574845914,NOMINAL,30.0,500.0,0.98
1325,78.3641908612926,70.29004659978455,8.341911575742557,NOMINAL,30.0,500.0,0.98
1330,79.79498297057208,70.30023700271977,9.740244795145514,NOMINAL,30.0,500.0,0.98
1335,78.25216377271167,70.30855998909988,8.166811660590696,NOMINAL,30.0,500.0,0.98
1340,78.73343226746331,70.31501337371202,8.619313285240793,NOMINAL,30.0,500.0,0.98
1345,79.00280840250927,70.31962574558298,8.861771684912057,NOMINAL,30.0,500.0,0.98
1350,79.6398225815823,70.32235219065421,9.473719286840677,NOMINAL,30.0,500.0,0.98
1355,78.18076758895035,70.32320500289791,7.991450854795801,NOMINAL,30.0,500.0,0.98
1360,79.45755887428956,70.32223624176368,9.246883774562576,NOMINAL,30.0,500.0,0.98
1365,78.85613818787034,70.31947699850491,8.625961689721251,NOMINAL,30.0,500.0,0.98
1370,78.33307905292328,70.31485299048472,8.085259974588396,NOMINAL,30.0,500.0,0.98
1375,79.02546465199414,70.30839071286204,8.761863621130274,NOMINAL,30.0,500.0,0.98
1380,78.86229088449072,70.30014317403902,8.584770297051236,NOMINAL,30.0,500.0,0.98
1385,78.42877009199287,70.29014556905298,8.139194044085059,NOMINAL,30.0,500.0,0.98
1390,78.72766731026594,70.27844557073604,8.42790086912369,NOMINAL,30.0,500.0,0.98
1395,78.46177003968265,70.26500473409692,8.15367746147055,NOMINAL,30.0,500.0,0.98
1400,78.67062576334524,70.24983383664932,8.356068663986491,NOMINAL,30.0,500.0,0.98
1405,78.90216346203286,70.23294949837612,8.582999134587538,NOMINAL,30.0,500.0,0.98
1410,79.31914321985953,70.21436890608896,8.997223085558275,NOMINAL,30.0,500.0,0.98
1415,77.86008761747321,70.19410976301685,7.537255798851632,NOMINAL,30.0,500.0,0.98
1420,79.49621765114192,70.17219024153121,9.17430965708165,NOMINAL,30.0,500.0,0.98
1425,77.40223148882801,70.14862893877063,7.083073002475302,NOMINAL,30.0,500.0,0.98
1430,78.24885217990852,70.12344483495878,7.934257941439981,NOMINAL,30.0,500.0,0.98
1435,78.56329568832501,70.0966572542265,8.255068465386671,NOMINAL,30.0,500.0,0.98
1440,78.35197826420541,70.06828582776944,8.051907903594227,NOMINAL,30.0,500.0,0.98
1445,77.84046210579469,70.03835045918885,7.55032466058843,NOMINAL,30.0,500.0,0.98
1450,77.98609729367338,70.006871291876,7.707654220571911,NOMINAL,30.0,500.0,0.98
1455,77.78005538618945,69.97386867831534,7.515052808311992,NOMINAL,30.0,500.0,0.98
1460,77.66635661951231,69.93936315118879,7.416524650317896,NOMINAL,30.0,500.0,0.98
1465,78.31844453787846,69.90337539617576,8.08549666224593,NOMINAL,30.0,500.0,0.98
1470,78.00291337523073,69.86592622635135,7.788545884060639,NOMINAL,30.0,500.0,0.98
1475,77.40690747262526,69.82703655809104,7.21279894761345,NOMINAL,30.0,500.0,0.98
1480,78.13035060715757,69.78672738839856,7.9581614526451006,NOMINAL,30.0,500.0,0.98
1485,77.75965817279311,69.74501977357835,7.611030191824597,NOMINAL,30.0,500.0,0.98
1490,77.93620436130126,69.70193480918039,7.8127603732280875,NOMINAL,30.0,500.0,0.98
1495,77.7666976949372,69.65749361114814,7.6700411920834455,NOMINAL,30.0,500.0,0.98
1500,76.95787881306228,69.61171729810667,6.889593654137059,NOMINAL,30.0,500.0,0.98
1505,77.01119988754995,69.56462697473052,6.972850025639971,NOMINAL,30.0,500.0,0.98
1510,77.58231023338115,69.51624371613525,7.575439476491539,NOMINAL,30.0,500.0,0.98
1515,77.42971826891895,69.46658855323966,7.455850071156732,NOMINAL,30.0,500.0,0.98
1520,77.02848628075276,69.41568245904773,7.089123562359362,NOMINAL,30.0,500.0,0.98
1525,77.01057625911297,69.36354633580447,7.1072012536588005,NOMINAL,30.0,500.0,0.98
1530,77.50232908056937,69.31020100297968,7.6364032077180894,NOMINAL,30.0,500.0,0.98
1535,76.47794028312099,69.25566718603795,6.650904045462781,NOMINAL,30.0,500.0,0.98
1540,76.95618563931197,69.19996550595465,7.169458541846552,NOMINAL,30.0,500.0,0.98
1545,76.48916917864128,69.14311646943958,6.744149669570021,NOMINAL,30.0,500.0,0.98
1550,76.38780658774728,69.08514045983304,6.685872019305705,NOMINAL,30.0,500.0,0.98
1555,76.95120553250452,69.02605772863905,7.2937121406334455,NOMINAL,30.0,500.0,0.98
1560,76.71851807488127,68.96588838766388,7.106800976599459,NOMINAL,30.0,500.0,0.98
1565,76.61541455450937,68.9046524017287,7.050787761909433,NOMINAL,30.0,500.0,0.98
1570,76.76313968951567,68.84236958192696,7.2468961393609845,NOMINAL,30.0,500.0,0.98
1575,76.02156663246612,68.7790595793989,6.554978230419437,NOMINAL,30.0,500.0,0.98
1580,76.2516621426265,68.71474187959592,6.835979821191401,NOMINAL,30.0,500.0,0.98
1585,75.65416185768977,68.64943579700969,6.290615646991981,NOMINAL,30.0,500.0,0.98
1590,75.86900820181565,68.5831604703431,6.5588073123970645,NOMINAL,30.0,500.0,0.98
1595,75.53853453201137,68.51593485809764,6.282867448851022,NOMINAL,30.0,500.0,0.98
1600,75.54786680457367,68.44777773455792,6.347901391590469,NOMINAL,30.0,500.0,0.98
1605,75.69182176045807,68.37870768615119,6.548705374787218,NOMINAL,30.0,500.0,0.98
1610,74.87914837416552,68.30874310816182,5.79400798953786,NOMINAL,30.0,500.0,0.98
1615,76.22763768862835,68.23790220178302,7.201580027214547,NOMINAL,30.0,500.0,0.98
1620,74.57081883148774,68.16620297148671,5.604930503602958,NOMINAL,30.0,500.0,0.98
1625,74.35834253900182,68.09366322269528,5.453690190096523,NOMINAL,30.0,500.0,0.98
1630,75.43535461974723,68.02030055973819,6.592985084139812,NOMINAL,30.0,500.0,0.98
1635,75.14227249472172,67.94613238407828,6.3632129555560795,NOMINAL,30.0,500.0,0.98
1640,74.9479487139874,67.87117589279342,6.23320686892545,NOMINAL,30.0,500.0,0.98
1645,74.83884043357462,67.79544807729837,6.189404665758801,NOMINAL,30.0,500.0,0.98
1650,74.40667936586173,67.71896572229457,5.823518919706984,NOMINAL,30.0,500.0,0.98
1655,73.85169129005025,67.64174540493377,5.335756451447466,NOMINAL,30.0,500.0,0.98
1660,74.22514105040725,67.56380349418521,5.7773633309421655,NOMINAL,30.0,500.0,0.98
1665,73.73500618220879,67.48515615039304,5.356298507021393,NOMINAL,30.0,500.0,0.98
1670,74.44694602498085,67.40581932501334,6.138202923909446,NOMINAL,30.0,500.0,0.98
1675,73.77112981380479,67.32580876052089,5.533227615478879,NOMINAL,30.0,500.0,0.98
1680,73.31667734725238,67.24513999047537,5.150474375815008,NOMINAL,30.0,500.0,0.98
1685,73.45301693300563,67.16382833973717,5.359353707164004,NOMINAL,30.0,500.0,0.98
1690,73.70399683912677,67.081888924824,5.683696273246255,NOMINAL,30.0,500.0,0.98
1695,73.09904784452992,66.99933665439983,5.152915451501414,NOMINAL,30.0,500.0,0.98
1700,72.8527566090998,66.91618622988733,4.981580704725559,NOMINAL,30.0,500.0,0.98
1705,73.26826423482358,66.83245214619762,5.472816143481012,NOMINAL,30.0,500.0,0.98
1710,73.15107387302236,66.74814869256693,5.43210813437814,NOMINAL,30.0,500.0,0.98
1715,72.6569236428204,66.66328995349687,5.015178219380402,NOMINAL,30.0,500.0,0.98
1720,72.55633351017468,66.57788980978859,4.992529995467294,NOMINAL,30.0,500.0,0.98
1725,72.78900552259354,66.4919619396656,5.303849349795328,NOMINAL,30.0,500.0,0.98
1730,71.82975397368794,66.40551981997965,4.423934624512057,NOMINAL,30.0,500.0,0.98
1735,71.73058436853516,66.31857672749283,4.404775582212935,NOMINAL,30.0,500.0,0.98
1740,71.95533518626466,66.2311457402314,4.710195168461254,NOMINAL,30.0,500.0,0.98
1745,72.08781169702577,66.14323973890555,4.923983328539876,NOMINAL,30.0,500.0,0.98
1750,72.2297195751208,66.05487140839057,5.147830620227538,NOMINAL,30.0,500.0,0.98
1755,72.69144218380895,65.96605323926377,5.6921054981140315,NOMINAL,30.0,500.0,0.98
1760,72.26187477290374,65.8767975293946,5.34568851058485,NOMINAL,30.0,500.0,0.98
1765,71.63215365159473,65.78711638558138,4.799701471913835,NOMINAL,30.0,500.0,0.98
1770,71.58150393815568,65.69702172523301,4.833355211133679,NOMINAL,30.0,500.0,0.98
1775,70.96846139869346,65.60652527808946,4.305171409845158,NOMINAL,30.0,500.0,0.98
1780,71.33902185806438,65.51563858797977,4.761132012099452,NOMINAL,30.0,500.0,0.98
1785,71.08235280760758,65.42437301461223,4.590390831008136,NOMINAL,30.0,500.0,0.98
1790,71.26630917837491,65.33273973539468,4.860789320767708,NOMINAL,30.0,500.0,0.98
1795,70.56947865344084,65.24074974728154,4.2509018876868225,NOMINAL,30.0,500.0,0.98
1800,71.12080012964798,65.1484138686443,4.889654350578596,NOMINAL,30.0,500.0,0.98
