Time_Min,Temp_C,Q_Solar_W,Q_Rad_Out_W,Is_Eclipse
0.0,23.17,838.28,749.63,0
0.17,23.22,838.37,750.16,0
0.33,23.28,838.36,750.68,0
0.5,23.33,838.24,751.21,0
0.67,23.38,838.03,751.74,0
0.83,23.43,837.71,752.27,0
1.0,23.48,837.29,752.79,0
1.17,23.53,836.77,753.32,0
1.33,23.59,836.14,753.84,0
1.5,23.64,835.41,754.37,0
1.67,23.69,834.58,754.89,0
1.83,23.74,833.65,755.42,0
2.0,23.79,832.61,755.94,0
2.17,23.84,831.48,756.46,0
2.33,23.89,830.24,756.98,0
2.5,23.94,828.9,757.5,0
2.67,24.0,827.45,758.02,0
2.83,24.05,825.91,758.54,0
3.0,24.1,824.27,759.05,0
3.17,24.15,822.52,759.57,0
3.33,24.2,820.67,760.08,0
3.5,24.25,818.73,760.59,0
3.67,24.3,816.68,761.1,0
3.83,24.35,814.53,761.61,0
4.0,24.39,812.29,762.12,0
4.17,24.44,809.94,762.62,0
4.33,24.49,807.49,763.12,0
4.5,24.54,804.95,763.63,0
4.67,24.59,802.31,764.12,0
4.83,24.64,799.56,764.62,0
5.0,24.69,796.72,765.12,0
5.17,24.73,793.79,765.61,0
5.33,24.78,790.75,766.1,0
5.5,24.83,787.62,766.58,0
5.67,24.87,784.39,767.07,0
5.83,24.92,781.07,767.55,0
6.0,24.97,777.65,768.03,0
6.17,25.01,774.14,768.51,0
6.33,25.06,770.53,768.98,0
6.5,25.1,766.82,769.45,0
6.67,25.15,763.02,769.92,0
6.83,25.19,759.13,770.39,0
7.0,25.24,755.15,770.85,0
7.17,25.28,751.07,771.31,0
7.33,25.33,746.9,771.76,0
7.5,25.37,742.64,772.21,0
7.67,25.41,738.29,772.66,0
7.83,25.45,733.85,773.11,0
8.0,25.5,729.32,773.55,0
8.17,25.54,724.7,773.99,0
8.33,25.58,719.99,774.42,0
8.5,25.62,715.19,774.85,0
8.67,25.66,710.3,775.28,0
8.83,25.7,705.33,775.7,0
9.0,25.74,700.27,776.12,0
9.17,25.78,695.13,776.53,0
9.33,25.82,689.9,776.95,0
9.5,25.86,684.58,777.35,0
9.67,25.9,679.19,777.75,0
9.83,25.94,673.71,778.15,0
10.0,25.97,668.14,778.54,0
10.17,26.01,662.5,778.93,0
10.33,26.05,656.77,779.32,0
10.5,26.08,650.96,779.7,0
10.67,26.12,645.07,780.07,0
10.83,26.15,639.11,780.44,0
11.0,26.19,633.06,780.81,0
11.17,26.22,626.94,781.17,0
11.33,26.26,620.74,781.53,0
11.5,26.29,614.47,781.88,0
11.67,26.32,608.12,782.22,0
11.83,26.35,601.69,782.57,0
12.0,26.38,595.2,782.9,0
12.17,26.42,588.62,783.23,0
12.33,26.45,581.98,783.56,0
12.5,26.48,575.27,783.88,0
12.67,26.51,568.48,784.19,0
12.83,26.54,561.63,784.5,0
13.0,26.56,554.7,784.81,0
13.17,26.59,547.71,785.1,0
13.33,26.62,540.65,785.4,0
13.5,26.65,533.53,785.68,0
13.67,26.67,526.34,785.97,0
13.83,26.7,519.08,786.24,0
14.0,26.72,511.77,786.51,0
14.17,26.75,504.38,786.78,0
14.33,26.77,496.94,787.03,0
14.5,26.8,489.44,787.29,0
14.67,26.82,481.88,787.53,0
14.83,26.84,474.25,787.77,0
15.0,26.86,466.57,788.01,0
15.17,26.88,458.83,788.24,0
15.33,26.9,451.04,788.46,0
15.5,26.92,443.19,788.67,0
15.67,26.94,435.29,788.88,0
15.83,26.96,427.33,789.09,0
16.0,26.98,419.32,789.28,0
16.17,27.0,411.26,789.48,0
16.33,27.01,403.15,789.66,0
16.5,27.03,394.99,789.84,0
16.67,27.05,386.78,790.01,0
16.83,27.06,378.53,790.17,0
17.0,27.08,370.22,790.33,0
17.17,27.09,361.88,790.48,0
17.33,27.1,353.48,790.63,0
17.5,27.12,345.05,790.77,0
17.67,27.13,336.57,790.9,0
17.83,27.14,328.05,791.02,0
18.0,27.15,319.49,791.14,0
18.17,27.16,310.89,791.25,0
18.33,27.17,302.26,791.36,0
18.5,27.18,293.58,791.46,0
18.67,27.19,284.88,791.55,0
18.83,27.19,276.13,791.63,0
19.0,27.2,267.35,791.71,0
19.17,27.21,258.54,791.78,0
19.33,27.21,249.7,791.85,0
19.5,27.22,240.83,791.9,0
19.67,27.22,231.93,791.95,0
19.83,27.22,222.99,791.99,0
20.0,27.23,214.04,792.03,0
20.17,27.23,205.05,792.06,0
20.33,27.23,196.04,792.08,0
20.5,27.23,187.01,792.09,0
20.67,27.23,177.95,792.1,0
20.83,27.23,168.87,792.1,0
21.0,27.23,159.77,792.1,0
21.17,27.23,150.66,792.08,0
21.33,27.22,141.52,792.06,0
21.5,27.22,132.37,792.03,0
21.67,27.22,123.19,792.0,0
21.83,27.21,114.01,791.96,0
22.0,27.21,104.81,791.91,0
22.17,27.2,95.6,791.85,0
22.33,27.19,86.37,791.79,0
22.5,27.19,77.14,791.72,0
22.67,27.18,67.89,791.64,0
22.83,27.17,58.64,791.55,0
23.0,27.16,49.38,791.46,0
23.17,27.15,40.12,791.36,0
23.33,27.14,30.85,791.25,0
23.5,27.13,21.57,791.14,0
23.67,27.11,12.29,791.02,0
23.83,27.1,3.02,790.89,0
24.0,27.09,0.0,790.76,0
24.17,27.08,0.0,790.62,0
24.33,27.06,0.0,790.48,0
24.5,27.05,0.0,790.34,0
24.67,27.04,0.0,790.21,0
24.83,27.02,0.0,790.07,0
25.0,27.01,0.0,789.93,0
25.17,27.0,0.0,789.8,0
25.33,26.98,0.0,789.66,0
25.5,26.97,0.0,789.52,0
25.67,26.96,0.0,789.39,0
25.83,26.95,0.0,789.25,0
26.0,26.93,0.0,789.12,0
26.17,26.92,0.0,788.98,0
26.33,26.91,0.0,788.84,0
26.5,26.89,0.0,788.71,0
26.67,26.88,0.0,788.57,0
26.83,26.87,0.0,788.44,0
27.0,26.86,0.0,788.3,0
27.17,26.84,0.0,788.17,0
27.33,26.83,0.0,788.03,0
27.5,26.82,0.0,787.9,0
27.67,26.8,0.0,787.76,0
27.83,26.79,0.0,787.63,0
28.0,26.78,0.0,787.49,0
28.17,26.77,0.0,787.36,0
28.33,26.75,0.0,787.22,0
28.5,26.74,0.0,787.09,0
28.67,26.73,0.0,786.96,0
28.83,26.71,0.0,786.82,0
29.0,26.7,0.0,786.69,0
29.17,26.69,0.0,786.55,0
29.33,26.68,0.0,786.42,0
29.5,26.66,0.0,786.29,0
29.67,26.65,0.0,786.15,0
29.83,26.64,0.0,786.02,0
30.0,26.63,0.0,785.89,0
30.17,26.61,0.0,785.75,0
30.33,26.6,0.0,785.62,0
30.5,26.59,0.0,785.49,0
30.67,26.58,0.0,785.36,0
30.83,26.56,0.0,785.22,0
31.0,26.55,0.0,785.09,0
31.17,26.54,0.0,784.96,0
31.33,26.52,0.0,784.83,0
31.5,26.51,0.0,784.7,0
31.67,26.5,0.0,784.56,0
31.83,26.49,0.0,784.43,0
32.0,26.47,0.0,784.3,0
32.17,26.46,0.0,784.17,0
32.33,26.45,0.0,784.04,0
32.5,26.44,0.0,783.91,0
32.67,26.42,0.0,783.77,0
32.83,26.41,0.0,783.64,0
33.0,26.4,0.0,783.51,0
33.17,26.39,0.0,783.38,0
33.33,26.37,0.0,783.25,0
33.5,26.36,0.0,783.12,0
33.67,26.35,0.0,782.99,0
33.83,26.34,0.0,782.86,0
34.0,26.32,0.0,782.73,0
34.17,26.31,0.0,782.6,0
34.33,26.3,0.0,782.47,0
34.5,26.29,0.0,782.34,0
34.67,26.27,0.0,782.21,0
34.83,26.26,0.0,782.08,0
35.0,26.25,0.0,781.95,0
35.17,26.24,0.0,781.82,0
35.33,26.23,0.0,781.69,0
35.5,26.21,0.0,781.56,0
35.67,26.2,0.0,781.43,0
35.83,26.19,0.0,781.3,0
36.0,26.18,0.0,781.18,0
36.17,26.16,0.0,781.05,0
36.33,26.15,0.0,780.92,0
36.5,26.14,0.0,780.79,0
36.67,26.13,0.0,780.66,0
36.83,26.11,0.0,780.53,0
37.0,26.1,0.0,780.4,0
37.17,26.09,0.0,780.28,0
37.33,26.08,0.0,780.15,0
37.5,26.07,0.0,780.02,0
37.67,26.05,0.0,779.89,0
37.83,26.04,0.0,779.77,0
38.0,26.03,0.0,779.64,0
38.17,26.02,0.0,779.51,0
38.33,26.0,0.0,779.38,0
38.5,25.99,0.0,779.26,0
38.67,25.98,0.0,779.13,0
38.83,25.97,0.0,779.0,0
39.0,25.96,0.0,778.88,0
39.17,25.94,0.0,778.75,0
39.33,25.93,0.0,778.62,0
39.5,25.92,0.0,778.5,0
39.67,25.91,0.0,778.37,0
39.83,25.89,0.0,778.24,0
40.0,25.88,0.0,778.12,0
40.17,25.87,0.0,777.99,0
40.33,25.86,0.0,777.87,0
40.5,25.85,0.0,777.74,0
40.67,25.83,0.0,777.61,0
40.83,25.82,0.0,777.49,0
41.0,25.81,0.0,777.36,0
41.17,25.8,0.0,777.24,0
41.33,25.79,0.0,777.11,0
41.5,25.77,0.0,776.99,0
41.67,25.76,0.0,776.86,0
41.83,25.75,0.0,776.74,0
42.0,25.74,0.0,776.61,0
42.17,25.73,0.0,776.49,0
42.33,25.71,0.0,776.36,0
42.5,25.7,0.0,776.24,0
42.67,25.69,0.0,776.11,0
42.83,25.68,0.0,775.99,0
43.0,25.67,0.0,775.87,0
43.17,25.65,0.0,775.74,0
43.33,25.64,0.0,775.62,0
43.5,25.63,0.0,775.49,0
43.67,25.62,0.0,775.37,0
43.83,25.61,0.0,775.25,0
44.0,25.59,0.0,775.12,0
44.17,25.58,0.0,775.0,0
44.33,25.57,0.0,774.88,0
44.5,25.56,0.0,774.75,0
44.67,25.55,0.0,774.63,0
44.83,25.54,0.0,774.51,0
45.0,25.52,0.0,774.39,0
45.17,25.51,0.0,774.26,0
45.33,25.5,0.0,774.14,0
45.5,25.49,0.0,774.02,0
45.67,25.48,0.0,773.9,0
45.83,25.46,0.0,773.77,0
46.0,25.45,0.0,773.65,0
46.17,25.44,0.0,773.53,0
46.33,25.43,0.0,773.41,0
46.5,25.42,0.0,773.29,0
46.67,25.41,0.0,773.16,0
46.83,25.39,0.0,773.04,0
47.0,25.38,0.0,772.92,0
47.17,25.37,0.0,772.8,0
47.33,25.36,0.0,772.68,0
47.5,25.35,0.0,772.56,0
47.67,25.34,0.0,772.44,0
47.83,25.32,0.0,772.31,0
48.0,25.31,0.0,772.19,0
48.17,25.3,0.0,772.07,0
48.33,25.29,0.0,771.95,0
48.5,25.28,0.0,771.83,0
48.67,25.27,0.0,771.71,0
48.83,25.25,0.0,771.59,0
49.0,25.24,0.0,771.47,0
49.17,25.23,0.0,771.35,0
49.33,25.22,0.0,771.23,0
49.5,25.21,0.0,771.11,0
49.67,25.2,0.0,770.99,0
49.83,25.18,0.0,770.87,0
50.0,25.17,0.0,770.75,0
50.17,25.16,0.0,770.63,0
50.33,25.15,0.0,770.51,0
50.5,25.14,0.0,770.39,0
50.67,25.13,0.0,770.27,0
50.83,25.12,0.0,770.16,0
51.0,25.1,0.0,770.04,0
51.17,25.09,0.0,769.92,0
51.33,25.08,0.0,769.8,0
51.5,25.07,0.0,769.68,0
51.67,25.06,0.0,769.56,0
51.83,25.05,0.0,769.44,0
52.0,25.03,0.0,769.33,0
52.17,25.02,0.0,769.21,1
52.33,25.01,0.0,769.09,1
52.5,25.0,0.0,768.97,1
52.67,24.99,0.0,768.85,1
52.83,24.98,0.0,768.74,1
53.0,24.97,0.0,768.62,1
53.17,24.96,0.0,768.5,1
53.33,24.94,0.0,768.38,1
53.5,24.93,0.0,768.27,1
53.67,24.92,0.0,768.15,1
53.83,24.91,0.0,768.03,1
54.0,24.9,0.0,767.91,1
54.17,24.89,0.0,767.8,1
54.33,24.88,0.0,767.68,1
54.5,24.86,0.0,767.56,1
54.67,24.85,0.0,767.45,1
54.83,24.84,0.0,767.33,1
55.0,24.83,0.0,767.21,1
55.17,24.82,0.0,767.1,1
55.33,24.81,0.0,766.98,1
55.5,24.8,0.0,766.86,1
55.67,24.79,0.0,766.75,1
55.83,24.77,0.0,766.63,1
56.0,24.76,0.0,766.52,1
56.17,24.75,0.0,766.4,1
56.33,24.74,0.0,766.29,1
56.5,24.73,0.0,766.17,1
56.67,24.72,0.0,766.05,1
56.83,24.71,0.0,765.94,1
57.0,24.7,0.0,765.82,1
57.17,24.68,0.0,765.71,1
57.33,24.67,0.0,765.59,1
57.5,24.66,0.0,765.48,1
57.67,24.65,0.0,765.36,1
57.83,24.64,0.0,765.25,1
58.0,24.63,0.0,765.13,1
58.17,24.62,0.0,765.02,1
58.33,24.61,0.0,764.91,1
58.5,24.59,0.0,764.79,1
58.67,24.58,0.0,764.68,1
58.83,24.57,0.0,764.56,1
59.0,24.56,0.0,764.45,1
59.17,24.55,0.0,764.34,1
59.33,24.54,0.0,764.22,1
59.5,24.53,0.0,764.11,1
59.67,24.52,0.0,763.99,1
59.83,24.51,0.0,763.88,1
60.0,24.5,0.0,763.77,1
60.17,24.48,0.0,763.65,1
60.33,24.47,0.0,763.54,1
60.5,24.46,0.0,763.43,1
60.67,24.45,0.0,763.31,1
60.83,24.44,0.0,763.2,1
61.0,24.43,0.0,763.09,1
61.17,24.42,0.0,762.98,1
61.33,24.41,0.0,762.86,1
61.5,24.4,0.0,762.75,1
61.67,24.39,0.0,762.64,1
61.83,24.37,0.0,762.53,1
62.0,24.36,0.0,762.41,1
62.17,24.35,0.0,762.3,1
62.33,24.34,0.0,762.19,1
62.5,24.33,0.0,762.08,1
62.67,24.32,0.0,761.97,1
62.83,24.31,0.0,761.85,1
63.0,24.3,0.0,761.74,1
63.17,24.29,0.0,761.63,1
63.33,24.28,0.0,761.52,1
63.5,24.27,0.0,761.41,1
63.67,24.25,0.0,761.3,1
63.83,24.24,0.0,761.18,1
64.0,24.23,0.0,761.07,1
64.17,24.22,0.0,760.96,1
64.33,24.21,0.0,760.85,1
64.5,24.2,0.0,760.74,1
64.67,24.19,0.0,760.63,1
64.83,24.18,0.0,760.52,1
65.0,24.17,0.0,760.41,1
65.17,24.16,0.0,760.3,1
65.33,24.15,0.0,760.19,1
65.5,24.14,0.0,760.08,1
65.67,24.12,0.0,759.97,1
65.83,24.11,0.0,759.86,1
66.0,24.1,0.0,759.75,1
66.17,24.09,0.0,759.64,1
66.33,24.08,0.0,759.53,1
66.5,24.07,0.0,759.42,1
66.67,24.06,0.0,759.31,1
66.83,24.05,0.0,759.2,1
67.0,24.04,0.0,759.09,1
67.17,24.03,0.0,758.98,1
67.33,24.02,0.0,758.87,1
67.5,24.01,0.0,758.76,1
67.67,24.0,0.0,758.65,1
67.83,23.99,0.0,758.55,1
68.0,23.97,0.0,758.44,1
68.17,23.96,0.0,758.33,1
68.33,23.95,0.0,758.22,1
68.5,23.94,0.0,758.11,1
68.67,23.93,0.0,758.0,1
68.83,23.92,0.0,757.89,1
69.0,23.91,0.0,757.79,1
69.17,23.9,0.0,757.68,1
69.33,23.89,0.0,757.57,1
69.5,23.88,0.0,757.46,1
69.67,23.87,0.0,757.35,1
69.83,23.86,0.0,757.25,1
70.0,23.85,0.0,757.14,1
70.17,23.84,0.0,757.03,1
70.33,23.83,0.0,756.92,1
70.5,23.82,0.0,756.82,1
70.67,23.81,0.0,756.71,1
70.83,23.8,0.0,756.6,1
71.0,23.78,0.0,756.49,1
71.17,23.77,0.0,756.39,1
71.33,23.76,0.0,756.28,1
71.5,23.75,0.0,756.17,1
71.67,23.74,0.0,756.07,1
71.83,23.73,0.0,755.96,1
72.0,23.72,0.0,755.85,1
72.17,23.71,0.0,755.75,1
72.33,23.7,0.0,755.64,1
72.5,23.69,0.0,755.53,1
72.67,23.68,0.0,755.43,1
72.83,23.67,0.0,755.32,1
73.0,23.66,0.0,755.22,1
73.17,23.65,0.0,755.11,1
73.33,23.64,0.0,755.0,1
73.5,23.63,0.0,754.9,1
73.67,23.62,0.0,754.79,1
73.83,23.61,0.0,754.69,1
74.0,23.6,0.0,754.58,1
74.17,23.59,0.0,754.48,1
74.33,23.58,0.0,754.37,1
74.5,23.57,0.0,754.26,1
74.67,23.56,0.0,754.16,1
74.83,23.55,0.0,754.05,1
75.0,23.53,0.0,753.95,1
75.17,23.52,0.0,753.85,1
75.33,23.51,0.0,753.74,1
75.5,23.5,0.0,753.64,1
75.67,23.49,0.0,753.53,1
75.83,23.48,0.0,753.43,1
76.0,23.47,0.0,753.32,1
76.17,23.46,0.0,753.22,1
76.33,23.45,0.0,753.11,1
76.5,23.44,0.0,753.01,1
76.67,23.43,0.0,752.91,1
76.83,23.42,0.0,752.8,1
77.0,23.41,0.0,752.7,1
77.17,23.4,0.0,752.59,1
77.33,23.39,0.0,752.49,1
77.5,23.38,0.0,752.39,1
77.67,23.37,0.0,752.28,1
77.83,23.36,0.0,752.18,1
78.0,23.35,0.0,752.08,1
78.17,23.34,0.0,751.97,1
78.33,23.33,0.0,751.87,1
78.5,23.32,0.0,751.77,1
78.67,23.31,0.0,751.66,1
78.83,23.3,0.0,751.56,1
79.0,23.29,0.0,751.46,1
79.17,23.28,0.0,751.36,1
79.33,23.27,0.0,751.25,1
79.5,23.26,0.0,751.15,1
79.67,23.25,0.0,751.05,1
79.83,23.24,0.0,750.95,1
80.0,23.23,0.0,750.84,1
80.17,23.22,0.0,750.74,1
80.33,23.21,0.0,750.64,1
80.5,23.2,0.0,750.54,1
80.67,23.19,0.0,750.43,1
80.83,23.18,0.0,750.33,1
81.0,23.17,0.0,750.23,1
81.17,23.16,0.0,750.13,1
81.33,23.15,0.0,750.03,1
81.5,23.14,0.0,749.93,1
81.67,23.13,0.0,749.82,1
81.83,23.12,0.0,749.72,1
82.0,23.11,0.0,749.62,1
82.17,23.1,0.0,749.52,1
82.33,23.09,0.0,749.42,1
82.5,23.08,0.0,749.32,1
82.67,23.07,0.0,749.22,1
82.83,23.06,0.0,749.12,1
83.0,23.05,0.0,749.02,1
83.17,23.04,0.0,748.92,1
83.33,23.03,0.0,748.82,1
83.5,23.02,0.0,748.71,1
83.67,23.01,0.0,748.61,1
83.83,23.0,0.0,748.51,1
84.0,22.99,0.0,748.41,1
84.17,22.98,0.0,748.31,1
84.33,22.97,0.0,748.21,1
84.5,22.96,0.0,748.11,1
84.67,22.95,0.0,748.01,1
84.83,22.94,0.0,747.91,1
85.0,22.93,0.0,747.81,1
85.17,22.92,0.0,747.71,1
85.33,22.91,0.0,747.62,1
85.5,22.9,0.0,747.52,1
85.67,22.89,0.0,747.42,1
85.83,22.88,0.0,747.32,1
86.0,22.87,0.0,747.22,1
86.17,22.86,0.0,747.12,1
86.33,22.85,0.0,747.02,1
86.5,22.84,0.0,746.92,1
86.67,22.83,0.0,746.82,1
86.83,22.82,0.0,746.72,1
87.0,22.81,0.0,746.62,1
87.17,22.8,0.0,746.53,1
87.33,22.79,0.0,746.43,1
87.5,22.78,0.0,746.33,1
87.67,22.77,0.0,746.23,1
87.83,22.76,0.0,746.13,1
88.0,22.75,0.0,746.03,1
88.17,22.74,0.0,745.94,1
88.33,22.73,0.0,745.84,1
88.5,22.72,0.0,745.74,1
88.67,22.71,0.0,745.64,1
88.83,22.71,0.0,745.54,1
89.0,22.7,0.0,745.45,1
89.17,22.69,0.0,745.35,1
89.33,22.68,0.0,745.25,1
89.5,22.67,0.0,745.15,1
89.67,22.66,0.0,745.06,1
89.83,22.65,0.0,744.96,1
90.0,22.64,0.0,744.86,1
90.17,22.63,0.0,744.77,1
90.33,22.68,800.95,744.67,0
90.5,22.73,803.64,745.17,0
90.67,22.78,806.23,745.67,0
90.83,22.83,808.73,746.18,0
91.0,22.88,811.12,746.68,0
91.17,22.93,813.42,747.19,0
91.33,22.98,815.62,747.7,0
91.5,23.03,817.72,748.21,0
91.67,23.08,819.71,748.72,0
91.83,23.13,821.61,749.24,0
92.0,23.18,823.41,749.75,0
92.17,23.23,825.1,750.27,0
92.33,23.28,826.7,750.78,0
92.5,23.34,828.19,751.3,0
92.67,23.39,829.58,751.82,0
92.83,23.44,830.87,752.34,0
93.0,23.49,832.06,752.86,0
93.17,23.54,833.14,753.39,0
93.33,23.59,834.13,753.91,0
93.5,23.64,835.01,754.43,0
93.67,23.7,835.79,754.96,0
93.83,23.75,836.47,755.48,0
94.0,23.8,837.04,756.0,0
94.17,23.85,837.51,756.53,0
94.33,23.9,837.88,757.06,0
