day,actual_emissivity,measured_temp,pred_static,pred_evolving,error_static,error_evolving
0.00,0.8500,53.025,53.784,50.449,-0.7596,+2.5757
0.10,0.8493,53.030,53.810,56.866,-0.7795,-3.8356
0.20,0.8487,53.285,53.848,47.563,-0.5626,+5.7222
0.30,0.8480,53.226,53.890,61.043,-0.6638,-7.8172
0.40,0.8473,53.222,53.945,43.088,-0.7226,+10.1347
0.50,0.8467,53.457,53.997,65.781,-0.5406,-12.3247
0.60,0.8460,53.363,54.036,38.802,-0.6724,+14.5610
0.70,0.8453,53.734,54.067,69.917,-0.3328,-16.1830
0.80,0.8447,53.608,54.097,36.049,-0.4892,+17.5588
0.90,0.8440,53.838,54.127,72.051,-0.2888,-18.2125
1.00,0.8433,53.950,54.149,35.307,-0.1985,+18.6439
1.10,0.8427,54.075,54.139,72.338,-0.0642,-18.2630
1.20,0.8420,54.191,54.122,36.448,+0.0690,+17.7431
1.30,0.8413,53.993,54.095,70.944,-0.1012,-16.9501
1.40,0.8407,54.268,54.067,38.069,+0.2008,+16.1994
1.50,0.8400,54.347,54.040,69.486,+0.3069,-15.1387
1.60,0.8393,54.317,54.012,40.040,+0.3043,+14.2771
1.70,0.8387,54.294,53.988,67.515,+0.3062,-13.2208
1.80,0.8380,54.346,53.970,42.206,+0.3765,+12.1399
1.90,0.8373,54.425,53.951,65.342,+0.4743,-10.9171
2.00,0.8367,54.637,53.932,44.407,+0.7043,+10.2294
2.10,0.8360,54.652,53.914,64.116,+0.7380,-9.4645
2.20,0.8353,54.825,53.895,45.664,+0.9297,+9.1607
2.30,0.8347,54.632,53.877,63.682,+0.7551,-9.0505
2.40,0.8340,54.827,53.858,45.658,+0.9689,+9.1688
2.50,0.8333,55.031,53.840,64.126,+1.1915,-9.0947
2.60,0.8327,55.037,53.821,45.410,+1.2158,+9.6267
2.70,0.8320,55.254,53.802,65.780,+1.4518,-10.5255
2.80,0.8313,55.284,53.784,42.874,+1.5003,+12.4101
2.90,0.8307,55.451,53.765,70.755,+1.6862,-15.3035
3.00,0.8300,55.346,53.747,35.317,+1.5998,+20.0293
3.10,0.8293,55.494,53.729,83.383,+1.7657,-27.8891
3.20,0.8287,55.702,53.713,14.167,+1.9887,+41.5348
3.30,0.8280,55.618,53.693,120.860,+1.9250,-65.2421
3.40,0.8273,55.540,53.673,-52.225,+1.8677,+107.7649
3.50,0.8267,55.887,53.652,243.396,+2.2345,-187.5093
3.60,0.8260,55.759,53.632,-287.435,+2.1271,+343.1940
3.70,0.8253,56.027,53.613,712.868,+2.4146,-656.8402
3.80,0.8247,55.929,53.594,-1258.462,+2.3342,+1314.3906
3.90,0.8240,56.002,53.576,2806.075,+2.4261,-2750.0728
4.00,0.8233,56.028,53.558,-5963.418,+2.4704,+6019.4461
4.10,0.8227,56.368,53.539,13839.798,+2.8282,-13783.4303
4.20,0.8220,56.360,53.521,-32943.035,+2.8391,+32999.3953
4.30,0.8213,56.344,53.503,82726.383,+2.8416,-82670.0386
4.40,0.8207,56.542,53.484,-216941.922,+3.0578,+216998.4639
4.50,0.8200,56.698,53.466,596265.438,+3.2318,-596208.7397
4.60,0.8193,56.782,53.448,-1712943.875,+3.3342,+1713000.6568
4.70,0.8187,56.725,53.429,5142077.500,+3.2957,-5142020.7751
4.80,0.8180,56.702,53.411,-16111667.000,+3.2911,+16111723.7017
4.90,0.8173,56.972,53.384,52651585.000,+3.5879,-52651528.0277
5.00,0.8167,56.991,53.358,-179301211.000,+3.6323,+179301267.9906
5.10,0.8160,57.063,53.332,635791413.000,+3.7312,-635791355.9367
5.20,0.8153,57.185,53.306,-2345700811.000,+3.8791,+2345700868.1850
5.30,0.8147,57.166,53.280,8997809205.000,+3.8858,-8997809147.8345
5.40,0.8140,57.298,53.254,-35858956235.000,+4.0445,+35858956292.2980
5.50,0.8133,57.316,53.227,148373536821.000,+4.0888,-148373536763.6839
5.60,0.8127,57.413,53.201,-636977938379.000,+4.2114,+636977938436.4125
5.70,0.8120,57.501,53.175,2835462750261.000,+4.3257,-2835462750203.4995
5.80,0.8113,57.440,53.149,-13079545905099.000,+4.2917,+13079545905156.4414
5.90,0.8107,57.584,53.123,62485210071093.000,+4.4616,-62485210071035.4141
6.00,0.8100,57.744,53.096,-308967297253323.000,+4.6471,+308967297253380.7500
6.10,0.8093,58.054,53.070,1580266778787893.000,+4.9840,-1580266778787835.0000
6.20,0.8087,57.938,53.044,-8355477696020427.000,+4.8942,+8355477696020485.0000
6.30,0.8080,58.105,53.018,45644142167982128.000,+5.0873,-45644142167982072.0000
6.40,0.8073,57.998,52.986,-257472208379576256.000,+5.0129,+257472208379576320.0000
6.50,0.8067,58.175,52.948,1498906340347609088.000,+5.2278,-1498906340347609088.0000
6.60,0.8060,58.400,52.910,-9001041989625446400.000,+5.4907,+9001041989625446400.0000
6.70,0.8053,58.335,52.872,55727308692617428992.000,+5.4630,-55727308692617428992.0000
6.80,0.8047,58.523,52.834,-355541633579228332032.000,+5.6889,+355541633579228332032.0000
6.90,0.8040,58.424,52.796,2336451583343629172736.000,+5.6279,-2336451583343629172736.0000
7.00,0.8033,58.581,52.758,-15807765296459634704384.000,+5.8237,+15807765296459634704384.0000
7.10,0.8027,58.610,52.720,110062939868551522025472.000,+5.8898,-110062939868551522025472.0000
7.20,0.8020,58.769,52.685,-788286732114463331188736.000,+6.0838,+788286732114463331188736.0000
7.30,0.8013,58.912,52.659,5805249158993130842750976.000,+6.2524,-5805249158993130842750976.0000
7.40,0.8007,58.917,52.639,-43941753861996583107690496.000,+6.2781,+43941753861996583107690496.0000
7.50,0.8000,58.982,52.618,341731726243108588485607424.000,+6.3639,-341731726243108588485607424.0000
7.60,0.7993,58.893,52.597,-2729487391835645362179145728.000,+6.2960,+2729487391835645362179145728.0000
7.70,0.7987,59.147,52.577,22378447097535573566389485568.000,+6.5698,-22378447097535573566389485568.0000
7.80,0.7980,59.274,52.556,-188166734855650349956020043776.000,+6.7178,+188166734855650349956020043776.0000
7.90,0.7973,59.236,52.536,1621436092246442749014004727808.000,+6.7003,-1621436092246442749014004727808.0000
8.00,0.7967,59.429,52.515,-14314064933722027265969505697792.000,+6.9139,+14314064933722027265969505697792.0000
8.10,0.7960,59.297,52.494,129419048724545884786519680483328.000,+6.8031,-129419048724545884786519680483328.0000
8.20,0.7953,59.563,52.474,-1198049974770739921637316925325312.000,+7.0893,+1198049974770739921637316925325312.0000
8.30,0.7947,59.552,52.454,11351832170024462141867650489253888.000,+7.0976,-11351832170024462141867650489253888.0000
8.40,0.7940,59.770,52.434,-110064565549961474711369390439268352.000,+7.3364,+110064565549961474711369390439268352.0000
8.50,0.7933,59.748,52.414,1091688575007686478125308988245409792.000,+7.3347,-1091688575007686478125308988245409792.0000
8.60,0.7927,59.969,52.394,-11073937042871365492677293874710839296.000,+7.5752,+11073937042871365492677293874710839296.0000
8.70,0.7920,60.003,52.374,114853069026935890373828344200189444096.000,+7.6291,-114853069026935890373828344200189444096.0000
8.80,0.7913,60.007,52.348,-inf,+7.6588,+inf
8.90,0.7907,60.180,52.318,nan,+7.8622,+nan
9.00,0.7900,60.021,52.287,nan,+7.7337,+nan
9.10,0.7893,60.206,52.257,nan,+7.9485,+nan
9.20,0.7887,60.402,52.234,nan,+8.1684,+nan
9.30,0.7880,60.313,52.213,nan,+8.0996,+nan
9.40,0.7873,60.385,52.193,nan,+8.1917,+nan
9.50,0.7867,60.507,52.173,nan,+8.3344,+nan
9.60,0.7860,60.653,52.152,nan,+8.5012,+nan
9.70,0.7853,60.953,52.132,nan,+8.8213,+nan
9.80,0.7847,60.918,52.111,nan,+8.8062,+nan
9.90,0.7840,60.769,52.091,nan,+8.6781,+nan
10.00,0.7833,60.901,52.071,nan,+8.8305,+nan
10.10,0.7827,61.127,52.050,nan,+9.0766,+nan
10.20,0.7820,61.191,52.030,nan,+9.1614,+nan
10.30,0.7813,61.219,52.009,nan,+9.2097,+nan
10.40,0.7807,61.302,51.989,nan,+9.3128,+nan
10.50,0.7800,61.432,51.969,nan,+9.4632,+nan
10.60,0.7793,61.572,51.948,nan,+9.6240,+nan
10.70,0.7787,61.547,51.928,nan,+9.6195,+nan
10.80,0.7780,61.792,51.908,nan,+9.8849,+nan
10.90,0.7773,61.857,51.887,nan,+9.9703,+nan
11.00,0.7767,61.731,51.867,nan,+9.8640,+nan
11.10,0.7760,61.967,51.846,nan,+10.1202,+nan
11.20,0.7753,61.912,51.826,nan,+10.0861,+nan
11.30,0.7747,61.998,51.806,nan,+10.1920,+nan
11.40,0.7740,62.193,51.785,nan,+10.4075,+nan
11.50,0.7733,62.255,51.765,nan,+10.4904,+nan
11.60,0.7727,62.020,51.744,nan,+10.2759,+nan
11.70,0.7720,62.350,51.724,nan,+10.6261,+nan
11.80,0.7713,62.506,51.704,nan,+10.8019,+nan
11.90,0.7707,62.303,51.683,nan,+10.6195,+nan
12.00,0.7700,62.711,51.663,nan,+11.0482,+nan
12.10,0.7693,62.720,51.643,nan,+11.0779,+nan
12.20,0.7687,62.868,51.622,nan,+11.2459,+nan
12.30,0.7680,62.721,51.602,nan,+11.1194,+nan
12.40,0.7673,62.977,51.581,nan,+11.3958,+nan
12.50,0.7667,63.037,51.561,nan,+11.4763,+nan
12.60,0.7660,63.033,51.541,nan,+11.4929,+nan
12.70,0.7653,63.016,51.520,nan,+11.4953,+nan
12.80,0.7647,63.264,51.500,nan,+11.7637,+nan
12.90,0.7640,63.446,51.479,nan,+11.9666,+nan
13.00,0.7633,63.375,51.459,nan,+11.9159,+nan
13.10,0.7627,63.522,51.439,nan,+12.0834,+nan
13.20,0.7620,63.350,51.418,nan,+11.9317,+nan
13.30,0.7613,63.694,51.398,nan,+12.2960,+nan
13.40,0.7607,63.665,51.378,nan,+12.2872,+nan
13.50,0.7600,63.776,51.357,nan,+12.4191,+nan
13.60,0.7593,63.770,51.337,nan,+12.4329,+nan
13.70,0.7587,64.140,51.316,nan,+12.8234,+nan
13.80,0.7580,63.964,51.296,nan,+12.6685,+nan
13.90,0.7573,64.091,51.276,nan,+12.8158,+nan
14.00,0.7567,64.250,51.255,nan,+12.9944,+nan
14.10,0.7560,64.267,51.235,nan,+13.0326,+nan
14.20,0.7553,64.313,51.214,nan,+13.0990,+nan
14.30,0.7547,64.501,51.194,nan,+13.3071,+nan
14.40,0.7540,64.373,51.174,nan,+13.1993,+nan
14.50,0.7533,64.634,51.153,nan,+13.4810,+nan
14.60,0.7527,64.900,51.133,nan,+13.7666,+nan
14.70,0.7520,64.798,51.112,nan,+13.6857,+nan
14.80,0.7513,64.757,51.092,nan,+13.6645,+nan
14.90,0.7507,64.880,51.072,nan,+13.8086,+nan
15.00,0.7500,64.827,51.051,nan,+13.7760,+nan
15.10,0.7493,65.079,51.031,nan,+14.0478,+nan
15.20,0.7487,65.347,51.011,nan,+14.3367,+nan
15.30,0.7480,65.123,50.990,nan,+14.1324,+nan
15.40,0.7473,65.323,50.970,nan,+14.3534,+nan
15.50,0.7467,65.362,50.949,nan,+14.4130,+nan
15.60,0.7460,65.808,50.929,nan,+14.8787,+nan
15.70,0.7453,65.733,50.909,nan,+14.8247,+nan
15.80,0.7447,65.716,50.888,nan,+14.8277,+nan
15.90,0.7440,65.845,50.868,nan,+14.9776,+nan
16.00,0.7433,65.794,50.847,nan,+14.9467,+nan
16.10,0.7427,65.760,50.827,nan,+14.9332,+nan
16.20,0.7420,66.055,50.807,nan,+15.2486,+nan
16.30,0.7413,66.070,50.786,nan,+15.2837,+nan
16.40,0.7407,66.019,50.766,nan,+15.2526,+nan
16.50,0.7400,66.142,50.746,nan,+15.3969,+nan
16.60,0.7393,66.288,50.725,nan,+15.5628,+nan
16.70,0.7387,66.209,50.705,nan,+15.5046,+nan
16.80,0.7380,66.478,50.684,nan,+15.7935,+nan
16.90,0.7373,66.485,50.664,nan,+15.8213,+nan
17.00,0.7367,66.582,50.644,nan,+15.9382,+nan
17.10,0.7360,66.536,50.623,nan,+15.9128,+nan
17.20,0.7353,66.807,50.603,nan,+16.2045,+nan
17.30,0.7347,66.737,50.582,nan,+16.1544,+nan
17.40,0.7340,66.865,50.562,nan,+16.3029,+nan
17.50,0.7333,67.020,50.542,nan,+16.4783,+nan
17.60,0.7327,67.019,50.521,nan,+16.4973,+nan
17.70,0.7320,67.149,50.501,nan,+16.6477,+nan
17.80,0.7313,67.152,50.481,nan,+16.6719,+nan
17.90,0.7307,67.300,50.460,nan,+16.8402,+nan
18.00,0.7300,67.394,50.440,nan,+16.9538,+nan
18.10,0.7293,67.502,50.419,nan,+17.0822,+nan
18.20,0.7287,67.518,50.399,nan,+17.1193,+nan
18.30,0.7280,67.524,50.379,nan,+17.1453,+nan
18.40,0.7273,67.596,50.358,nan,+17.2375,+nan
18.50,0.7267,67.727,50.338,nan,+17.3887,+nan
18.60,0.7260,67.952,50.317,nan,+17.6347,+nan
18.70,0.7253,68.217,50.297,nan,+17.9202,+nan
18.80,0.7247,67.994,50.277,nan,+17.7170,+nan
18.90,0.7240,68.238,50.256,nan,+17.9815,+nan
19.00,0.7233,68.306,50.236,nan,+18.0700,+nan
19.10,0.7227,68.086,50.216,nan,+17.8705,+nan
19.20,0.7220,68.374,50.195,nan,+18.1789,+nan
19.30,0.7213,68.587,50.175,nan,+18.4121,+nan
19.40,0.7207,68.375,50.154,nan,+18.2205,+nan
19.50,0.7200,68.648,50.134,nan,+18.5141,+nan
19.60,0.7193,68.580,50.114,nan,+18.4664,+nan
19.70,0.7187,68.890,50.093,nan,+18.7971,+nan
19.80,0.7180,68.880,50.073,nan,+18.8071,+nan
19.90,0.7173,69.008,50.052,nan,+18.9553,+nan
20.00,0.7167,69.150,50.032,nan,+19.1183,+nan
20.10,0.7160,69.154,50.012,nan,+19.1426,+nan
20.20,0.7153,69.140,49.991,nan,+19.1492,+nan
20.30,0.7147,69.242,49.971,nan,+19.2707,+nan
20.40,0.7140,69.456,49.950,nan,+19.5053,+nan
20.50,0.7133,69.463,49.930,nan,+19.5329,+nan
20.60,0.7127,69.274,49.910,nan,+19.3646,+nan
20.70,0.7120,69.573,49.889,nan,+19.6833,+nan
20.80,0.7113,69.599,49.869,nan,+19.7300,+nan
20.90,0.7107,69.452,49.849,nan,+19.6035,+nan
21.00,0.7100,69.887,49.828,nan,+20.0584,+nan
21.10,0.7093,69.864,49.808,nan,+20.0567,+nan
21.20,0.7087,69.939,49.787,nan,+20.1512,+nan
21.30,0.7080,70.114,49.767,nan,+20.3466,+nan
21.40,0.7073,69.876,49.747,nan,+20.1291,+nan
21.50,0.7067,69.971,49.726,nan,+20.2449,+nan
21.60,0.7060,70.328,49.706,nan,+20.6218,+nan
21.70,0.7053,70.352,49.685,nan,+20.6664,+nan
21.80,0.7047,70.532,49.665,nan,+20.8673,+nan
21.90,0.7040,70.512,49.645,nan,+20.8674,+nan
22.00,0.7033,70.510,49.626,nan,+20.8848,+nan
22.10,0.7027,70.727,49.606,nan,+21.1213,+nan
22.20,0.7020,70.787,49.587,nan,+21.1998,+nan
22.30,0.7013,70.849,49.567,nan,+21.2819,+nan
22.40,0.7007,70.983,49.548,nan,+21.4351,+nan
22.50,0.7000,71.048,49.529,nan,+21.5192,+nan
22.60,0.6993,71.032,49.509,nan,+21.5224,+nan
22.70,0.6987,71.100,49.490,nan,+21.6104,+nan
22.80,0.6980,71.266,49.470,nan,+21.7956,+nan
22.90,0.6973,71.251,49.451,nan,+21.8002,+nan
23.00,0.6967,71.390,49.432,nan,+21.9586,+nan
23.10,0.6960,71.652,49.412,nan,+22.2399,+nan
23.20,0.6953,71.519,49.393,nan,+22.1259,+nan
23.30,0.6947,71.572,49.373,nan,+22.1988,+nan
23.40,0.6940,71.728,49.354,nan,+22.3742,+nan
23.50,0.6933,71.839,49.334,nan,+22.5043,+nan
23.60,0.6927,72.004,49.315,nan,+22.6891,+nan
23.70,0.6920,72.110,49.296,nan,+22.8144,+nan
23.80,0.6913,72.031,49.276,nan,+22.7543,+nan
23.90,0.6907,72.265,49.257,nan,+23.0080,+nan
24.00,0.6900,72.292,49.237,nan,+23.0547,+nan
24.10,0.6893,72.083,49.218,nan,+22.8648,+nan
24.20,0.6887,72.375,49.199,nan,+23.1768,+nan
24.30,0.6880,72.555,49.179,nan,+23.3760,+nan
24.40,0.6873,72.584,49.160,nan,+23.4246,+nan
24.50,0.6867,72.607,49.140,nan,+23.4666,+nan
24.60,0.6860,72.610,49.121,nan,+23.4887,+nan
24.70,0.6853,72.813,49.102,nan,+23.7116,+nan
24.80,0.6847,72.776,49.082,nan,+23.6942,+nan
24.90,0.6840,72.953,49.063,nan,+23.8898,+nan
25.00,0.6833,73.023,49.043,nan,+23.9793,+nan
25.10,0.6827,72.923,49.024,nan,+23.8988,+nan
25.20,0.6820,73.224,49.005,nan,+24.2192,+nan
25.30,0.6813,73.372,48.985,nan,+24.3865,+nan
25.40,0.6807,73.292,48.966,nan,+24.3260,+nan
25.50,0.6800,73.677,48.946,nan,+24.7301,+nan
25.60,0.6793,73.397,48.927,nan,+24.4702,+nan
25.70,0.6787,73.659,48.908,nan,+24.7516,+nan
25.80,0.6780,73.599,48.888,nan,+24.7104,+nan
25.90,0.6773,73.828,48.869,nan,+24.9590,+nan
26.00,0.6767,73.952,48.849,nan,+25.1027,+nan
26.10,0.6760,73.879,48.830,nan,+25.0489,+nan
26.20,0.6753,73.821,48.811,nan,+25.0105,+nan
26.30,0.6747,73.999,48.791,nan,+25.2082,+nan
26.40,0.6740,74.256,48.772,nan,+25.4839,+nan
26.50,0.6733,74.240,48.752,nan,+25.4881,+nan
26.60,0.6727,74.265,48.733,nan,+25.5325,+nan
26.70,0.6720,74.447,48.714,nan,+25.7337,+nan
26.80,0.6713,74.480,48.694,nan,+25.7860,+nan
26.90,0.6707,74.518,48.675,nan,+25.8437,+nan
27.00,0.6700,74.561,48.655,nan,+25.9056,+nan
27.10,0.6693,74.885,48.636,nan,+26.2492,+nan
27.20,0.6687,74.665,48.617,nan,+26.0482,+nan
27.30,0.6680,74.960,48.597,nan,+26.3625,+nan
27.40,0.6673,74.909,48.578,nan,+26.3310,+nan
27.50,0.6667,74.966,48.558,nan,+26.4078,+nan
27.60,0.6660,75.092,48.539,nan,+26.5536,+nan
27.70,0.6653,75.076,48.519,nan,+26.5565,+nan
27.80,0.6647,75.357,48.500,nan,+26.8574,+nan
27.90,0.6640,75.376,48.481,nan,+26.8953,+nan
28.00,0.6633,75.517,48.461,nan,+27.0555,+nan
28.10,0.6627,75.445,48.442,nan,+27.0030,+nan
28.20,0.6620,75.585,48.422,nan,+27.1621,+nan
28.30,0.6613,75.510,48.403,nan,+27.1065,+nan
28.40,0.6607,75.730,48.384,nan,+27.3462,+nan
28.50,0.6600,75.793,48.364,nan,+27.4283,+nan
28.60,0.6593,75.994,48.345,nan,+27.6488,+nan
28.70,0.6587,76.036,48.325,nan,+27.7102,+nan
28.80,0.6580,75.805,48.306,nan,+27.4988,+nan
28.90,0.6573,76.134,48.287,nan,+27.8476,+nan
29.00,0.6567,76.347,48.267,nan,+28.0800,+nan
29.10,0.6560,76.097,48.248,nan,+27.8494,+nan
29.20,0.6553,76.138,48.228,nan,+27.9097,+nan
29.30,0.6547,76.447,48.209,nan,+28.2384,+nan
29.40,0.6540,76.467,48.190,nan,+28.2773,+nan
29.50,0.6533,76.598,48.170,nan,+28.4277,+nan
29.60,0.6527,76.690,48.151,nan,+28.5393,+nan
29.70,0.6520,76.780,48.131,nan,+28.6481,+nan
29.80,0.6513,76.829,48.112,nan,+28.7167,+nan
29.90,0.6507,76.743,48.093,nan,+28.6509,+nan
