Timestamp_s,True_Temp_CPU,Twin_Temp_CPU,Residual_CPU,True_Radiator_Emissivity,Twin_Radiator_Emissivity,Healed
0.0,24.374378520328378,24.374378520328378,-0.24835707650561645,0.85,0.85,0
60.0,25.814970787013635,25.814970787013635,-0.7896064077536948,0.85,0.85,0
120.0,24.275987011120264,24.275987011120264,-0.1209811357830155,0.85,0.85,0
180.0,25.250758911789262,25.250758911789262,0.45401203776060584,0.85,0.85,0
240.0,24.197279771328112,24.197279771328112,0.27219136226259266,0.85,0.85,0
300.0,25.840224658062425,25.840224658062425,0.30085330611469985,0.85,0.85,0
360.0,25.204674486290457,25.204674486290457,-0.10443179750237874,0.85,0.85,0
420.0,27.246359273275687,27.246359273275687,0.05782414119412138,0.85,0.85,0
480.0,26.769418349954492,26.769418349954492,-0.17180914478423048,0.85,0.85,0
540.0,29.024506044527186,29.024506044527186,-0.5154997612479768,0.85,0.85,0
600.0,28.55457120284666,28.55457120284666,0.23958711892264617,0.85,0.85,0
660.0,30.93281257347212,30.93281257347212,0.036005060790166965,0.85,0.85,0
720.0,30.385161404371615,30.385161404371615,0.017913019554974596,0.85,0.85,0
780.0,32.848754688795054,32.848754688795054,-0.04588038826775431,0.85,0.85,0
840.0,32.172877360530265,32.172877360530265,0.4042468014465932,0.85,0.85,0
900.0,34.7122675158688,34.7122675158688,-0.04853877467402157,0.85,0.85,0
960.0,33.87451783978139,33.87451783978139,-0.14806013853228706,0.85,0.85,0
1020.0,36.49604637449744,36.49604637449744,0.17135725826338444,0.85,0.85,0
1080.0,35.47047638812552,35.47047638812552,-0.12877519536138493,0.85,0.85,0
1140.0,38.190103237444646,38.190103237444646,0.0961804823905581,0.85,0.85,0
1200.0,36.9534126878504,36.9534126878504,-0.3955159735215261,0.85,0.85,0
1260.0,39.79357042544922,39.79357042544922,0.49526816256534545,0.85,0.85,0
1320.0,38.32214866664492,38.32214866664492,0.5311518568630547,0.85,0.85,0
1380.0,41.3102720473284,41.3102720473284,-0.40675860868483227,0.85,0.85,0
1440.0,39.578310939576625,39.578310939576625,-0.12994139712421315,0.85,0.85,0
1500.0,42.74630383818135,42.74630383818135,-0.12524642517293927,0.85,0.85,0
1560.0,40.724445991530104,40.724445991530104,-0.9328872555723748,0.85,0.85,0
1620.0,44.10870374622192,44.10870374622192,-0.5792977895037055,0.85,0.85,0
1680.0,41.762932089276035,41.762932089276035,0.12269405800143574,0.85,0.85,0
1740.0,45.40471949057803,45.40471949057803,-0.13834539966500614,0.85,0.85,0
1800.0,42.695317301440355,42.695317301440355,-0.3128336738825013,0.45,0.85,0
1860.0,46.641399135225015,46.641399135225015,-0.23661881228677117,0.45,0.85,0
1920.0,45.36183303141377,43.52187322717708,-1.9470066763017897,0.45,0.85,0
1980.0,49.31882161364888,47.82534740038068,-1.5225785724911987,0.45,0.85,0
2040.0,48.066084433898936,44.2412394799307,-3.13601026998969,0.45,0.85,0
2100.0,51.77133838059103,48.96255299196628,-3.0942306439713363,0.45,0.85,0
2160.0,50.504323250727566,44.85007937047072,-5.2678312729880545,0.45,0.85,0
2220.0,54.0054878181233,50.0582252236419,-4.290392689668657,0.45,0.85,0
2280.0,52.74145732666648,45.34269020943498,-7.041115262601515,0.45,0.85,0
2340.0,56.078881202226455,51.11659425759859,-6.034258989290528,0.45,0.85,0
2400.0,54.8236044182641,45.71052133638955,-8.7168227126582,0.45,0.85,0
2460.0,58.023897855999564,52.1406350113424,-5.645790189076692,0.45,0.85,0
2520.0,56.77630833397831,56.77630833397831,-11.895832301582018,0.45,0.6932670226366286,1
2580.0,59.85872146853518,59.0588825242063,-1.0217486584019966,0.45,0.6932670226366286,1
2640.0,58.61511499025312,58.49483152865707,0.006000614100535984,0.45,0.6932670226366286,1
2700.0,61.594937516177424,59.986859825213344,-2.328714335497139,0.45,0.6932670226366286,1
2760.0,60.35079749471129,59.041709177430334,-1.4086181650676863,0.45,0.6932670226366286,1
2820.0,63.24093892766945,60.564106501672654,-3.4698408340694726,0.45,0.6932670226366286,1
2880.0,61.99165048713604,59.5071186676887,-2.6250277533148605,0.45,0.6932670226366286,1
2940.0,64.80341364602958,61.15295001526732,-3.8289713737447784,0.45,0.6932670226366286,1
3000.0,63.5445197369196,59.988439581629564,-3.1415826498289974,0.45,0.6932670226366286,1
3060.0,66.28802059679401,61.76511755572261,-5.161735488965618,0.45,0.6932670226366286,1
3120.0,65.01529438386609,60.47063735591979,-4.9573652024403145,0.45,0.6932670226366286,1
3180.0,67.69971938743396,62.383437610119415,-5.478364953558767,0.45,0.6932670226366286,1
3240.0,66.4091647346147,60.937252348011555,-4.9689036958532995,0.45,0.6932670226366286,1
3300.0,69.04294728034944,62.996710823805415,-6.040113070120569,0.45,0.6932670226366286,1
3360.0,67.73077274266109,61.37832693816853,-5.939697206096298,0.45,0.6932670226366286,1
3420.0,70.32172519880265,63.59925063480415,-6.84495784955287,0.45,0.6932670226366286,1
3480.0,68.98430985214469,61.7878014537356,-6.837286287782874,0.45,0.6932670226366286,1
3540.0,71.53972828125956,64.1883065300982,-7.341913647210006,0.45,0.6932670226366286,1
3600.0,70.17358662870856,62.16140771666875,-8.271852169160397,0.45,0.6932670226366286,1
3660.0,72.70033704708317,64.76253041377385,-8.049852874214537,0.45,0.6932670226366286,1
3720.0,71.30208567821012,62.49553134283883,-9.532126139268811,0.45,0.6932670226366286,1
3780.0,73.80667684926993,65.32118946364534,-9.580388852233426,0.45,0.6932670226366286,1
3840.0,72.37300365700128,62.78660579673124,-9.206831529493186,0.45,0.6932670226366286,1
3900.0,74.86164954987493,65.8637464780964,-8.54869573610435,0.45,0.6932670226366286,1
3960.0,73.38928555632208,63.030749558780826,-9.50196873299582,0.45,0.6932670226366286,1
4020.0,75.86795961103599,66.38960201172898,-9.4809794491661,0.45,0.6932670226366286,1
4080.0,74.35365316944353,63.22350193453383,-11.19029905076566,0.45,0.6932670226366286,1
4140.0,76.82813593650013,66.8978984606668,-10.09639448182314,0.45,0.6932670226366286,1
4200.0,75.2686289885653,63.35958721873976,-12.939415732266525,0.45,0.6932670226366286,1
4260.0,77.74455034752322,67.38733652111006,-9.874752096123103,0.45,0.6932670226366286,1
4320.0,76.13655640806326,63.43267057908906,-12.56918241175191,0.45,0.6932670226366286,1
4380.0,78.61943332182318,67.85597652853073,-9.911765573614872,0.45,0.6932670226366286,1
4440.0,76.95961688639915,63.43508339059804,-12.872298745548676,0.45,0.6932670226366286,1
4500.0,79.45488746830097,68.3010062442026,-11.12254167546179,0.45,0.6932670226366286,1
4560.0,77.73984457256586,63.35750129731696,-14.328828095271618,0.45,0.6932670226366286,1
4620.0,80.25289910749791,68.71845978609286,-11.184576567408754,0.45,0.6932670226366286,1
4680.0,78.47913880072184,63.18855976188928,-15.0253284650273,0.45,0.6932670226366286,1
4740.0,81.01534825534355,69.10287284309794,-12.73495926899625,0.45,0.6932670226366286,1
4800.0,79.17927478125137,62.91439143154014,-16.20092455397085,0.45,0.6932670226366286,1
4860.0,81.7440172537614,69.44685862930783,-11.973872182332315,0.45,0.6932670226366286,1
4920.0,79.84191275840277,62.51806829536059,-17.362528616865987,0.45,0.6932670226366286,1
4980.0,82.44059824964046,69.74058813061094,-12.262200992337142,0.45,0.6932670226366286,1
5040.0,80.46860585846343,61.97892980225862,-18.1643547716439,0.45,0.6932670226366286,1
5100.0,83.10669968983706,69.97115777814253,-13.270770324584447,0.45,0.6932670226366286,1
5160.0,81.06080681483638,61.27177600881396,-20.039489399834608,0.45,0.6932670226366286,1
5220.0,83.74385197200013,70.12182847505835,-13.290711617468858,0.45,0.6932670226366286,1
5280.0,81.61987372529092,60.365902217480766,-21.38383275867089,0.45,0.6932670226366286,1
5340.0,84.35351236769708,70.1711226834999,-13.856471630296099,0.45,0.6932670226366286,1
5400.0,82.14707497065518,59.223947515670886,-23.34097351101687,0.45,0.6932670226366286,1
5460.0,84.9370693145965,70.09177172591677,-15.133833652269999,0.45,0.6932670226366286,1
5520.0,82.64359340229657,57.80052168766406,-25.42696274546242,0.45,0.6932670226366286,1
5580.0,85.4958461576507,69.84951365871098,-15.843558570128877,0.45,0.6932670226366286,1
5640.0,83.11052988715727,56.040557599377735,-27.670579248861515,0.45,0.6932670226366286,1
5700.0,86.03110440481538,69.40175145102802,-16.63856214338213,0.45,0.6932670226366286,1
5760.0,83.54890628330213,53.87729772896404,-29.789415833392383,0.45,0.6932670226366286,1
5820.0,86.54404655043368,68.69608637938848,-18.164351104098344,0.45,0.6932670226366286,1
5880.0,83.95966790543969,51.22974083716349,-33.14509497654832,0.45,0.6932670226366286,1
5940.0,87.03581850867698,67.66872960689835,-19.88585887390758,0.45,0.6932670226366286,1
6000.0,84.34368552832274,47.99920284545448,-36.72297699119093,0.45,0.6932670226366286,1
6060.0,87.50751169010528,66.24273886895179,-20.877878221601705,0.45,0.6932670226366286,1
6120.0,84.7017569660182,44.06429817611314,-40.77744310306497,0.45,0.6932670226366286,1
6180.0,87.96016474625378,64.32587429755989,-23.87479506456225,0.45,0.6932670226366286,1
6240.0,85.03460825650262,39.27295421498121,-46.558247354841114,0.45,0.6932670226366286,1
6300.0,88.39476499997738,61.80751460171456,-25.74101808340542,0.45,0.6932670226366286,1
6360.0,85.34289447367382,33.428683726585575,-52.3257960390692,0.45,0.6932670226366286,1
6420.0,88.81224957292176,58.55330333907227,-30.12915055816768,0.45,0.6932670226366286,1
6480.0,85.62720018249854,26.26549661433603,-59.24623630305817,0.45,0.6932670226366286,1
6540.0,89.21350621579734,54.394458930571204,-36.10572718685107,0.45,0.6932670226366286,1
6600.0,85.88803954749005,17.399766708348068,-68.20144183570187,0.45,0.6932670226366286,1
6660.0,89.59937384198543,49.10432063132794,-40.367564601947066,0.45,0.6932670226366286,1
6720.0,86.12585609990958,6.233897470354691,-79.72061483251471,0.45,0.6932670226366286,1
6780.0,89.9706427603054,42.34160196639641,-48.09687999048272,0.45,0.6932670226366286,1
6840.0,86.34102216491902,-8.24295283275353,-93.97291109322659,0.45,0.6932670226366286,1
6900.0,90.32805459842683,33.49110190122434,-56.656469614292945,0.45,0.6932670226366286,1
6960.0,86.53383794630588,-27.85859513992534,-114.55549959735228,0.45,0.6932670226366286,1
7020.0,90.67230190436038,21.111891357013747,-69.20823870207525,0.45,0.6932670226366286,1
7080.0,86.70453026330472,-55.80170370641093,-141.46526926577377,0.45,0.6932670226366286,1
7140.0,91.00402740964302,0.6935900771472348,-90.29161998128336,0.45,0.6932670226366286,1
7200.0,86.85325093142728,-94.22016280989408,-181.2273146257674,0.45,0.6932670226366286,1
