Tick,Hour,In_Eclipse,CPU_Time_ms,CPU_Utilization_Pct,RAM_Used_KB,Watchdog_Resets
0,0.0,1,10.661595981384593,0.10661595981384592,320.0,0
10,0.027777777777777776,1,8.328244513765146,0.08328244513765146,320.0,0
20,0.05555555555555555,1,8.469002270989265,0.08469002270989263,320.0,0
30,0.08333333333333333,1,17.03074733910391,0.1703074733910391,320.0,0
40,0.1111111111111111,1,8.040469151110397,0.08040469151110397,320.0,0
50,0.1388888888888889,1,8.463869717572429,0.0846386971757243,320.0,0
60,0.16666666666666666,1,22.963775814754893,0.22963775814754894,320.0,0
70,0.19444444444444445,1,8.248423154640076,0.08248423154640076,320.0,0
80,0.2222222222222222,1,8.775148608792682,0.08775148608792682,320.0,0
90,0.25,1,10.02143748662583,0.1002143748662583,320.0,0
100,0.2777777777777778,1,7.595157395077667,0.07595157395077666,320.0,0
110,0.3055555555555556,1,8.464487199688449,0.08464487199688449,320.0,0
120,0.3333333333333333,1,9.7086587078723,0.09708658707872299,320.0,0
130,0.3611111111111111,1,15.359933071408957,0.15359933071408957,320.0,0
140,0.3888888888888889,1,8.433036115019076,0.08433036115019076,320.0,0
150,0.4166666666666667,1,10.34354105721101,0.10343541057211009,320.0,0
160,0.4444444444444444,1,8.579056431212038,0.08579056431212038,320.0,0
170,0.4722222222222222,1,8.350242991561517,0.08350242991561517,320.0,0
180,0.5,1,10.736221288353425,0.10736221288353426,320.0,0
190,0.5277777777777778,1,8.94385236471334,0.0894385236471334,320.0,0
200,0.5555555555555556,1,7.9825609240742255,0.07982560924074225,320.0,0
210,0.5833333333333334,0,7.561036902293749,0.0756103690229375,320.0,0
220,0.6111111111111112,0,6.867001323250652,0.06867001323250653,320.0,0
230,0.6388888888888888,0,6.582729014823507,0.06582729014823507,320.0,0
240,0.6666666666666666,0,8.016116955738871,0.08016116955738871,320.0,0
250,0.6944444444444444,0,6.294056951904976,0.06294056951904976,320.0,0
260,0.7222222222222222,0,6.611435109848893,0.06611435109848893,320.0,0
270,0.75,0,7.585879360361816,0.07585879360361816,320.0,0
280,0.7777777777777778,0,6.307287403822475,0.06307287403822474,320.0,0
290,0.8055555555555556,0,6.586425640710921,0.06586425640710922,320.0,0
300,0.8333333333333334,0,7.622989023838554,0.07622989023838554,320.0,0
310,0.8611111111111112,0,6.521837275510498,0.06521837275510498,320.0,0
320,0.8888888888888888,0,58.500605750246194,0.5850060575024619,320.0,1
330,0.9166666666666666,0,7.818311158669816,0.07818311158669816,320.0,1
340,0.9444444444444444,0,6.739983860135858,0.06739983860135858,320.0,1
350,0.9722222222222222,0,6.089172182963534,0.060891721829635335,320.0,1
360,1.0,0,7.698372896535055,0.07698372896535055,320.0,1
370,1.0277777777777777,0,6.278937038291618,0.06278937038291618,320.0,1
380,1.0555555555555556,0,6.8069205377773105,0.06806920537777311,320.0,1
390,1.0833333333333333,0,8.245267904911607,0.08245267904911607,320.0,1
400,1.1111111111111112,0,72.45481604849176,0.7245481604849177,320.0,2
410,1.1388888888888888,0,6.433284697583697,0.06433284697583697,320.0,2
420,1.1666666666666667,0,8.288899113283414,0.08288899113283413,320.0,2
430,1.1944444444444444,0,6.3930500222862365,0.06393050022286237,320.0,2
440,1.2222222222222223,0,6.567582652131138,0.06567582652131139,320.0,2
450,1.25,0,8.626326813916988,0.08626326813916989,320.0,2
460,1.2777777777777777,0,6.171349881203398,0.06171349881203397,320.0,2
470,1.3055555555555556,0,6.623568554829333,0.06623568554829333,320.0,2
480,1.3333333333333333,0,8.240375827159452,0.08240375827159453,320.0,2
490,1.3611111111111112,0,6.453701958269745,0.06453701958269745,320.0,2
500,1.3888888888888888,0,6.598107541753248,0.06598107541753248,320.0,2
510,1.4166666666666667,0,7.513106028917772,0.07513106028917771,320.0,2
520,1.4444444444444444,0,6.714098507690736,0.06714098507690736,320.0,2
530,1.4722222222222223,0,6.400291988705542,0.06400291988705542,320.0,2
540,1.5,1,10.210986703050551,0.10210986703050552,320.0,2
550,1.5277777777777777,1,9.005581856754649,0.09005581856754649,320.0,2
560,1.5555555555555556,1,8.717493516711425,0.08717493516711425,320.0,2
570,1.5833333333333333,1,11.845388786797406,0.11845388786797405,320.0,2
580,1.6111111111111112,1,8.537391721733018,0.08537391721733019,320.0,2
590,1.6388888888888888,1,8.26223263981203,0.0826223263981203,320.0,2
600,1.6666666666666667,1,10.69474992675863,0.10694749926758632,320.0,2
610,1.6944444444444444,1,8.610424870106263,0.08610424870106263,320.0,2
620,1.7222222222222223,1,8.440716450315424,0.08440716450315425,320.0,2
630,1.75,1,10.298711821288792,0.10298711821288792,320.0,2
640,1.7777777777777777,1,8.088281873271706,0.08088281873271706,320.0,2
650,1.8055555555555556,1,8.465577275054516,0.08465577275054516,320.0,2
660,1.8333333333333333,1,10.44431597718465,0.1044431597718465,320.0,2
670,1.8611111111111112,1,8.156648618628987,0.08156648618628987,320.0,2
680,1.8888888888888888,1,8.36081427810713,0.0836081427810713,320.0,2
690,1.9166666666666667,1,10.147503917650027,0.10147503917650029,320.0,2
700,1.9444444444444444,1,8.381398990257136,0.08381398990257136,320.0,2
710,1.9722222222222223,1,7.591793899005973,0.07591793899005973,320.0,2
720,2.0,1,10.434335592349143,0.10434335592349143,320.0,2
730,2.0277777777777777,1,8.369580983553167,0.08369580983553167,320.0,2
740,2.0555555555555554,1,8.755083171425383,0.08755083171425383,320.0,2
750,2.0833333333333335,0,8.012189258535589,0.08012189258535589,320.0,2
760,2.111111111111111,0,6.445640749677898,0.06445640749677897,320.0,2
770,2.138888888888889,0,6.679043575165884,0.06679043575165884,320.0,2
780,2.1666666666666665,0,8.143504795836806,0.08143504795836806,320.0,2
790,2.1944444444444446,0,6.359775362996778,0.0635977536299678,320.0,2
800,2.2222222222222223,0,6.432821178140879,0.06432821178140878,320.0,2
810,2.25,0,8.349958096327835,0.08349958096327835,320.0,2
820,2.2777777777777777,0,6.537422512985259,0.0653742251298526,320.0,2
830,2.3055555555555554,0,6.778998455819442,0.06778998455819442,320.0,2
840,2.3333333333333335,0,8.025444705101785,0.08025444705101785,320.0,2
850,2.361111111111111,0,6.827785196997734,0.06827785196997735,320.0,2
860,2.388888888888889,0,6.5743372429403015,0.06574337242940302,320.0,2
870,2.4166666666666665,0,8.112401987212388,0.08112401987212389,320.0,2
880,2.4444444444444446,0,6.717273978837152,0.06717273978837153,320.0,3
890,2.4722222222222223,0,6.783156502203018,0.06783156502203017,320.0,3
900,2.5,0,7.833260682772195,0.07833260682772196,320.0,3
910,2.5277777777777777,0,6.665612470383122,0.06665612470383123,320.0,3
920,2.5555555555555554,0,6.46984138029433,0.0646984138029433,320.0,3
930,2.5833333333333335,0,7.996342121445901,0.07996342121445901,320.0,3
940,2.611111111111111,0,59.39036980976088,0.5939036980976088,320.0,4
950,2.638888888888889,0,6.519492082777232,0.06519492082777231,320.0,4
960,2.6666666666666665,0,40.3930567792802,0.403930567792802,320.0,4
970,2.6944444444444446,0,6.438565645017495,0.06438565645017495,320.0,4
980,2.7222222222222223,0,6.910417085448749,0.06910417085448749,320.0,4
990,2.75,0,8.138127048384844,0.08138127048384844,320.0,4
1000,2.7777777777777777,0,6.522053699866126,0.06522053699866125,320.0,4
1010,2.8055555555555554,0,6.8898283798080975,0.06889828379808097,320.0,4
1020,2.8333333333333335,0,8.451631106268838,0.08451631106268839,320.0,4
1030,2.861111111111111,0,6.776300929572503,0.06776300929572503,320.0,4
1040,2.888888888888889,0,5.970069850801886,0.05970069850801886,320.0,4
1050,2.9166666666666665,0,20.839308837844673,0.20839308837844675,320.0,4
1060,2.9444444444444446,0,6.204936334597847,0.06204936334597847,320.0,4
1070,2.9722222222222223,0,7.102179777315128,0.07102179777315128,320.0,4
1080,3.0,1,10.276811479953698,0.10276811479953697,320.0,4
1090,3.0277777777777777,1,7.879611302745484,0.07879611302745484,320.0,4
1100,3.0555555555555554,1,8.494923959825748,0.08494923959825747,320.0,4
1110,3.0833333333333335,1,10.528012294994832,0.10528012294994833,320.0,4
1120,3.111111111111111,1,7.758723371730893,0.07758723371730893,320.0,4
1130,3.138888888888889,1,8.658693014131153,0.08658693014131152,320.0,4
1140,3.1666666666666665,1,11.25996653349254,0.11259966533492541,320.0,4
1150,3.1944444444444446,1,8.637877768643573,0.08637877768643573,320.0,4
1160,3.2222222222222223,1,8.377493279848768,0.08377493279848768,320.0,4
1170,3.25,1,9.104880154019263,0.09104880154019263,320.0,4
1180,3.2777777777777777,1,9.027173820051917,0.09027173820051917,320.0,4
1190,3.3055555555555554,1,65.41554915160427,0.6541554915160427,320.0,5
1200,3.3333333333333335,1,9.953821436209388,0.09953821436209388,320.0,5
1210,3.361111111111111,1,8.28495279256455,0.0828495279256455,320.0,5
1220,3.388888888888889,1,8.040999085801332,0.08040999085801331,320.0,5
1230,3.4166666666666665,1,10.52310032531772,0.1052310032531772,320.0,5
1240,3.4444444444444446,1,8.216025170023606,0.08216025170023605,320.0,5
1250,3.4722222222222223,1,8.649380282485161,0.08649380282485161,320.0,5
1260,3.5,1,10.24450085179321,0.10244500851793212,320.0,5
1270,3.5277777777777777,1,8.80663534662359,0.08806635346623591,320.0,5
1280,3.5555555555555554,1,7.779987055909321,0.07779987055909321,320.0,5
1290,3.5833333333333335,0,8.552561188277886,0.08552561188277887,320.0,5
1300,3.611111111111111,0,7.178026192599755,0.07178026192599754,320.0,5
1310,3.638888888888889,0,5.987602647828401,0.059876026478284,320.0,5
1320,3.6666666666666665,0,7.4349645321750994,0.07434964532175099,320.0,5
1330,3.6944444444444446,0,7.0137562784044025,0.07013756278404402,320.0,5
1340,3.7222222222222223,0,6.343216821263871,0.06343216821263871,320.0,5
1350,3.75,0,7.86226504225492,0.07862265042254919,320.0,5
1360,3.7777777777777777,0,6.408675563313461,0.06408675563313461,320.0,5
1370,3.8055555555555554,0,6.482465333513749,0.06482465333513748,320.0,5
1380,3.8333333333333335,0,60.247361685359415,0.6024736168535941,320.0,6
1390,3.861111111111111,0,6.5440437432661405,0.0654404374326614,320.0,6
1400,3.888888888888889,0,6.535723979051484,0.06535723979051485,320.0,6
1410,3.9166666666666665,0,7.974632836800493,0.07974632836800492,320.0,6
1420,3.9444444444444446,0,6.4761472866868175,0.06476147286686817,320.0,6
1430,3.9722222222222223,0,5.813515092290464,0.058135150922904645,320.0,6
1440,4.0,0,7.99879966707889,0.0799879966707889,320.0,6
1450,4.027777777777778,0,6.244580800318046,0.06244580800318046,320.0,6
1460,4.055555555555555,0,6.2510062180972445,0.06251006218097245,320.0,6
1470,4.083333333333333,0,7.825818677576875,0.07825818677576875,320.0,6
1480,4.111111111111111,0,6.293984824106122,0.06293984824106122,320.0,6
1490,4.138888888888889,0,6.533620097465663,0.06533620097465663,320.0,6
1500,4.166666666666667,0,8.219738922748125,0.08219738922748125,320.0,6
1510,4.194444444444445,0,6.485145139190546,0.06485145139190547,320.0,6
1520,4.222222222222222,0,6.494693532311606,0.06494693532311606,320.0,6
1530,4.25,0,8.524100393981858,0.08524100393981857,320.0,6
1540,4.277777777777778,0,6.010760018360119,0.06010760018360119,320.0,6
1550,4.305555555555555,0,6.433380979029649,0.0643338097902965,320.0,6
1560,4.333333333333333,0,16.705034511946007,0.16705034511946007,320.0,6
1570,4.361111111111111,0,6.701295950399106,0.06701295950399105,320.0,6
1580,4.388888888888889,0,6.484641698718723,0.06484641698718722,320.0,6
1590,4.416666666666667,0,8.540155939832644,0.08540155939832644,320.0,6
1600,4.444444444444445,0,6.49609828941589,0.0649609828941589,320.0,6
1610,4.472222222222222,0,6.500264475796255,0.06500264475796255,320.0,6
1620,4.5,1,10.466988638628543,0.10466988638628542,320.0,6
1630,4.527777777777778,1,8.432581880571872,0.08432581880571871,320.0,6
1640,4.555555555555555,1,9.02856338251676,0.09028563382516759,320.0,6
1650,4.583333333333333,1,10.3631714966372,0.103631714966372,320.0,6
1660,4.611111111111111,1,9.009106591639242,0.09009106591639242,320.0,6
1670,4.638888888888889,1,8.793268362402799,0.08793268362402798,320.0,6
1680,4.666666666666667,1,21.136394848287814,0.21136394848287812,320.0,6
1690,4.694444444444445,1,8.36705841443958,0.0836705841443958,320.0,6
1700,4.722222222222222,1,8.731312447054137,0.08731312447054136,320.0,6
1710,4.75,1,17.190097130619503,0.17190097130619503,320.0,6
1720,4.777777777777778,1,8.806601029429222,0.08806601029429222,320.0,6
1730,4.805555555555555,1,8.233761617144998,0.08233761617144998,320.0,6
1740,4.833333333333333,1,9.640585663515353,0.09640585663515353,320.0,6
1750,4.861111111111111,1,7.991689080834755,0.07991689080834755,320.0,6
1760,4.888888888888889,1,7.734692807540561,0.07734692807540561,320.0,6
1770,4.916666666666667,1,11.354649147219696,0.11354649147219698,320.0,6
1780,4.944444444444445,1,8.83137681257213,0.0883137681257213,320.0,6
1790,4.972222222222222,1,8.495229515151042,0.08495229515151043,320.0,6
1800,5.0,1,10.100148703232477,0.10100148703232478,320.0,6
1810,5.027777777777778,1,8.29233195570383,0.0829233195570383,320.0,6
1820,5.055555555555555,1,8.044539631317658,0.08044539631317657,320.0,6
1830,5.083333333333333,0,7.442496261503142,0.07442496261503143,320.0,6
1840,5.111111111111111,0,6.122321493388659,0.06122321493388659,320.0,6
1850,5.138888888888889,0,6.898645431807479,0.06898645431807479,320.0,6
1860,5.166666666666667,0,7.7485452972112405,0.0774854529721124,320.0,6
1870,5.194444444444445,0,6.376970758858453,0.06376970758858454,320.0,6
1880,5.222222222222222,0,6.659672727509034,0.06659672727509033,320.0,6
1890,5.25,0,8.179898085119731,0.08179898085119731,320.0,6
1900,5.277777777777778,0,6.43458268856432,0.06434582688564319,320.0,6
1910,5.305555555555555,0,20.078461470183417,0.20078461470183417,320.0,6
1920,5.333333333333333,0,7.553790285065091,0.0755379028506509,320.0,6
1930,5.361111111111111,0,6.4229053920812635,0.06422905392081264,320.0,6
1940,5.388888888888889,0,6.470843405508624,0.06470843405508624,320.0,7
1950,5.416666666666667,0,8.273566258428087,0.08273566258428088,320.0,7
1960,5.444444444444445,0,6.5501712290341985,0.06550171229034199,320.0,7
1970,5.472222222222222,0,6.682825906430132,0.06682825906430132,320.0,7
1980,5.5,0,7.9652511916235404,0.0796525119162354,320.0,7
1990,5.527777777777778,0,6.34349449549653,0.06343494495496531,320.0,7
2000,5.555555555555555,0,6.800350623947738,0.06800350623947737,320.0,7
2010,5.583333333333333,0,8.732507098685243,0.08732507098685244,320.0,7
2020,5.611111111111111,0,6.119120891113724,0.06119120891113724,320.0,7
2030,5.638888888888889,0,6.392204590264722,0.06392204590264722,320.0,7
2040,5.666666666666667,0,7.4117175708097855,0.07411717570809785,320.0,7
2050,5.694444444444445,0,6.515553708726101,0.065155537087261,320.0,7
2060,5.722222222222222,0,52.659683482945056,0.5265968348294505,320.0,8
2070,5.75,0,8.049336373563316,0.08049336373563315,320.0,8
2080,5.777777777777778,0,6.710642685312205,0.06710642685312206,320.0,8
2090,5.805555555555555,0,6.728766715569549,0.0672876671556955,320.0,8
2100,5.833333333333333,0,8.155538579723345,0.08155538579723344,320.0,8
2110,5.861111111111111,0,6.310317048465349,0.06310317048465348,320.0,8
2120,5.888888888888889,0,6.609247733690126,0.06609247733690127,320.0,8
2130,5.916666666666667,0,7.931087847515937,0.07931087847515937,320.0,8
2140,5.944444444444445,0,6.8829405760207045,0.06882940576020705,320.0,8
2150,5.972222222222222,0,6.253731457123319,0.06253731457123318,320.0,8
2160,6.0,1,9.857581167451368,0.09857581167451368,320.0,8
2170,6.027777777777778,1,8.616905841314152,0.08616905841314151,320.0,8
2180,6.055555555555555,1,8.559782160217242,0.08559782160217243,320.0,8
2190,6.083333333333333,1,10.08645465370244,0.1008645465370244,320.0,8
2200,6.111111111111111,1,8.65202195101661,0.08652021951016611,320.0,8
2210,6.138888888888889,1,8.711884174780685,0.08711884174780686,320.0,8
2220,6.166666666666667,1,10.351466952398239,0.10351466952398239,320.0,8
2230,6.194444444444445,1,8.748418734728602,0.08748418734728602,320.0,8
2240,6.222222222222222,1,8.953375486426694,0.08953375486426693,320.0,8
2250,6.25,1,11.052625114880739,0.11052625114880738,320.0,8
2260,6.277777777777778,1,8.027178868827356,0.08027178868827356,320.0,8
2270,6.305555555555555,1,8.241354562352363,0.08241354562352364,320.0,8
2280,6.333333333333333,1,10.799481901143489,0.10799481901143489,320.0,8
2290,6.361111111111111,1,8.612592503453685,0.08612592503453685,320.0,8
2300,6.388888888888889,1,8.621314902777515,0.08621314902777515,320.0,8
2310,6.416666666666667,1,10.734506432171017,0.10734506432171016,320.0,8
2320,6.444444444444445,1,17.460141937526366,0.17460141937526366,320.0,8
2330,6.472222222222222,1,8.085193514618037,0.08085193514618037,320.0,8
2340,6.5,1,10.473744266524719,0.10473744266524718,320.0,8
2350,6.527777777777778,1,9.319279547350652,0.0931927954735065,320.0,8
2360,6.555555555555555,1,8.611283766985101,0.086112837669851,320.0,8
2370,6.583333333333333,0,8.206992013346769,0.08206992013346769,320.0,8
2380,6.611111111111111,0,6.3471885974368565,0.06347188597436856,320.0,8
2390,6.638888888888889,0,6.541473011113229,0.06541473011113229,320.0,8
2400,6.666666666666667,0,8.301324842087016,0.08301324842087016,320.0,8
2410,6.694444444444445,0,7.005719763072468,0.07005719763072468,320.0,8
2420,6.722222222222222,0,6.839871682255044,0.06839871682255044,320.0,8
2430,6.75,0,8.548648862228426,0.08548648862228427,320.0,8
2440,6.777777777777778,0,6.596318361454557,0.06596318361454558,320.0,8
2450,6.805555555555555,0,6.410347527577133,0.06410347527577133,320.0,8
2460,6.833333333333333,0,8.299659150712403,0.08299659150712402,320.0,8
2470,6.861111111111111,0,6.377279485009461,0.06377279485009461,320.0,8
2480,6.888888888888889,0,6.482274418542188,0.06482274418542189,320.0,8
2490,6.916666666666667,0,8.352235854629372,0.08352235854629372,320.0,8
2500,6.944444444444445,0,6.448035101721166,0.06448035101721165,320.0,8
2510,6.972222222222222,0,6.321290874947163,0.06321290874947162,320.0,8
2520,7.0,0,7.8225875753738965,0.07822587575373896,320.0,8
2530,7.027777777777778,0,6.799954753632271,0.0679995475363227,320.0,8
2540,7.055555555555555,0,5.770636028592735,0.05770636028592735,320.0,8
2550,7.083333333333333,0,7.837013881163206,0.07837013881163206,320.0,8
2560,7.111111111111111,0,6.131123394118475,0.061311233941184755,320.0,8
2570,7.138888888888889,0,6.849492226453656,0.06849492226453656,320.0,8
2580,7.166666666666667,0,7.547396148567704,0.07547396148567703,320.0,8
2590,7.194444444444445,0,6.522163867731593,0.06522163867731594,320.0,8
2600,7.222222222222222,0,6.707028930639112,0.06707028930639111,320.0,8
2610,7.25,0,8.294845811880661,0.0829484581188066,320.0,8
2620,7.277777777777778,0,6.80513473996678,0.06805134739966781,320.0,8
2630,7.305555555555555,0,6.6527449826780405,0.06652744982678041,320.0,8
2640,7.333333333333333,0,7.73143427242968,0.0773143427242968,320.0,8
2650,7.361111111111111,0,6.537603913937266,0.06537603913937266,320.0,8
2660,7.388888888888889,0,5.924762870824393,0.05924762870824393,320.0,8
2670,7.416666666666667,0,8.394334475316018,0.08394334475316019,320.0,8
2680,7.444444444444445,0,6.48973722095349,0.0648973722095349,320.0,8
2690,7.472222222222222,0,6.631279623349202,0.06631279623349202,320.0,8
2700,7.5,1,9.859062344820694,0.09859062344820696,320.0,8
2710,7.527777777777778,1,8.116492721276973,0.08116492721276973,320.0,8
2720,7.555555555555555,1,8.450364985809074,0.08450364985809074,320.0,8
2730,7.583333333333333,1,10.487705091533117,0.10487705091533116,320.0,8
2740,7.611111111111111,1,8.785056437416866,0.08785056437416866,320.0,8
2750,7.638888888888889,1,8.653361302059178,0.08653361302059179,320.0,8
2760,7.666666666666667,1,11.211729583002247,0.11211729583002247,320.0,8
2770,7.694444444444445,1,8.15482100220612,0.0815482100220612,320.0,8
2780,7.722222222222222,1,8.4367752258652,0.08436775225865199,320.0,8
2790,7.75,1,11.519595671580518,0.11519595671580518,320.0,8
2800,7.777777777777778,1,8.640722817856657,0.08640722817856658,320.0,8
2810,7.805555555555555,1,21.081400804291317,0.21081400804291317,320.0,8
2820,7.833333333333333,1,10.364909005876962,0.10364909005876961,320.0,8
2830,7.861111111111111,1,8.780603031504754,0.08780603031504754,320.0,8
2840,7.888888888888889,1,8.720444814621953,0.08720444814621953,320.0,8
2850,7.916666666666667,1,10.389493571318118,0.10389493571318117,320.0,8
2860,7.944444444444445,1,8.64617744968586,0.0864617744968586,320.0,8
2870,7.972222222222222,1,8.374695839114406,0.08374695839114406,320.0,9
2880,8.0,1,10.839601526744211,0.10839601526744212,320.0,9
2890,8.027777777777779,1,7.910020583404751,0.0791002058340475,320.0,9
2900,8.055555555555555,1,8.064651182632389,0.08064651182632389,320.0,9
2910,8.083333333333334,0,8.20792589355947,0.0820792589355947,320.0,9
2920,8.11111111111111,0,6.610772543656675,0.06610772543656675,320.0,9
2930,8.13888888888889,0,6.089932303635787,0.060899323036357866,320.0,9
2940,8.166666666666666,0,8.400465879667989,0.08400465879667988,320.0,9
2950,8.194444444444445,0,17.915087517233438,0.17915087517233438,320.0,9
2960,8.222222222222221,0,6.7538145226116715,0.06753814522611672,320.0,9
2970,8.25,0,7.938965330998223,0.07938965330998222,320.0,9
2980,8.277777777777779,0,6.656917192604576,0.06656917192604575,320.0,9
2990,8.305555555555555,0,6.283625398034074,0.06283625398034075,320.0,9
3000,8.333333333333334,0,8.038025887289338,0.08038025887289338,320.0,9
3010,8.36111111111111,0,6.513655377922397,0.06513655377922398,320.0,9
3020,8.38888888888889,0,6.7580524786341964,0.06758052478634195,320.0,9
3030,8.416666666666666,0,8.316636498368217,0.08316636498368217,320.0,9
3040,8.444444444444445,0,7.0536753175409,0.070536753175409,320.0,9
3050,8.472222222222221,0,6.93123606579312,0.0693123606579312,320.0,9
3060,8.5,0,8.225831368319959,0.0822583136831996,320.0,9
3070,8.527777777777779,0,6.409671923043936,0.06409671923043936,320.0,9
3080,8.555555555555555,0,6.648655593937111,0.06648655593937111,320.0,9
3090,8.583333333333334,0,8.234692966902337,0.08234692966902336,320.0,9
3100,8.61111111111111,0,6.373958450942572,0.06373958450942571,320.0,9
3110,8.63888888888889,0,6.745130245255819,0.06745130245255819,320.0,10
3120,8.666666666666666,0,7.749246427280479,0.07749246427280479,320.0,10
3130,8.694444444444445,0,6.649508742981329,0.06649508742981329,320.0,10
3140,8.722222222222221,0,6.1075896917806,0.061075896917805995,320.0,10
3150,8.75,0,8.514820509901844,0.08514820509901844,320.0,10
3160,8.777777777777779,0,5.93515258032356,0.0593515258032356,320.0,10
3170,8.805555555555555,0,6.3754343370105495,0.06375434337010549,320.0,10
3180,8.833333333333334,0,8.508587256045633,0.08508587256045633,320.0,10
3190,8.86111111111111,0,6.708024002751229,0.0670802400275123,320.0,10
3200,8.88888888888889,0,6.293072066853311,0.06293072066853311,320.0,10
3210,8.916666666666666,0,7.561895989767713,0.07561895989767713,320.0,10
3220,8.944444444444445,0,6.962063778469383,0.06962063778469384,320.0,10
3230,8.972222222222221,0,6.491656758889981,0.06491656758889981,320.0,10
3240,9.0,1,10.318641619079788,0.10318641619079788,320.0,10
3250,9.027777777777779,1,8.376787715449744,0.08376787715449745,320.0,10
3260,9.055555555555555,1,8.588541560427522,0.08588541560427522,320.0,10
3270,9.083333333333334,1,10.675589441789091,0.1067558944178909,320.0,10
3280,9.11111111111111,1,8.603961105834145,0.08603961105834146,320.0,10
3290,9.13888888888889,1,7.9129683907688335,0.07912968390768833,320.0,10
3300,9.166666666666666,1,9.70965431832334,0.0970965431832334,320.0,10
3310,9.194444444444445,1,8.697726022539243,0.08697726022539243,320.0,10
3320,9.222222222222221,1,8.790548539373544,0.08790548539373544,320.0,10
3330,9.25,1,10.752923139038762,0.10752923139038763,320.0,10
3340,9.277777777777779,1,8.427637600783878,0.08427637600783879,320.0,11
3350,9.305555555555555,1,8.879788116311715,0.08879788116311715,320.0,11
3360,9.333333333333334,1,23.738662349894206,0.23738662349894205,320.0,11
3370,9.36111111111111,1,8.742269268815797,0.08742269268815797,320.0,11
3380,9.38888888888889,1,8.298495893716641,0.08298495893716641,320.0,11
3390,9.416666666666666,1,9.649126618944507,0.09649126618944506,320.0,11
3400,9.444444444444445,1,8.310591296990347,0.08310591296990347,320.0,11
3410,9.472222222222221,1,8.148346262949742,0.08148346262949742,320.0,11
3420,9.5,1,10.839556093761146,0.10839556093761146,320.0,11
3430,9.527777777777779,1,8.25219695731181,0.0825219695731181,320.0,11
3440,9.555555555555555,1,8.350701423835421,0.0835070142383542,320.0,11
3450,9.583333333333334,0,7.514230360056306,0.07514230360056307,320.0,11
3460,9.61111111111111,0,6.965480659160941,0.06965480659160941,320.0,11
3470,9.63888888888889,0,6.679337850056877,0.06679337850056877,320.0,11
3480,9.666666666666666,0,8.58093929917322,0.08580939299173221,320.0,11
3490,9.694444444444445,0,6.496214213680348,0.06496214213680349,320.0,11
3500,9.722222222222221,0,6.076555517186854,0.06076555517186854,320.0,11
3510,9.75,0,7.450346825557238,0.07450346825557239,320.0,11
3520,9.777777777777779,0,6.9973857211785795,0.0699738572117858,320.0,11
3530,9.805555555555555,0,6.6640373659593255,0.06664037365959326,320.0,11
3540,9.833333333333334,0,7.984199933324974,0.07984199933324974,320.0,11
3550,9.86111111111111,0,6.313859016762349,0.06313859016762349,320.0,11
3560,9.88888888888889,0,6.5038124321449855,0.06503812432144986,320.0,11
3570,9.916666666666666,0,8.25348751466702,0.0825348751466702,320.0,11
3580,9.944444444444445,0,6.613632585239049,0.0661363258523905,320.0,11
3590,9.972222222222221,0,6.317052618697209,0.0631705261869721,320.0,11
3600,10.0,0,8.10316878023895,0.0810316878023895,320.0,11
3610,10.027777777777779,0,6.117801569691251,0.06117801569691251,320.0,11
3620,10.055555555555555,0,6.378046797431019,0.0637804679743102,320.0,11
3630,10.083333333333334,0,8.499209023523413,0.08499209023523413,320.0,11
3640,10.11111111111111,0,6.309902273068205,0.06309902273068205,320.0,11
3650,10.13888888888889,0,6.5661980406850695,0.0656619804068507,320.0,11
3660,10.166666666666666,0,22.80627062594417,0.2280627062594417,320.0,11
3670,10.194444444444445,0,6.176079755267463,0.061760797552674634,320.0,11
3680,10.222222222222221,0,62.001462503365275,0.6200146250336528,320.0,12
3690,10.25,0,7.518320493486203,0.07518320493486202,320.0,12
3700,10.277777777777779,0,18.743696107382753,0.18743696107382754,320.0,12
3710,10.305555555555555,0,6.639774373603048,0.06639774373603048,320.0,12
3720,10.333333333333334,0,8.202147477825518,0.08202147477825518,320.0,12
3730,10.36111111111111,0,6.2343830069563175,0.06234383006956317,320.0,12
3740,10.38888888888889,0,5.902907491838381,0.05902907491838381,320.0,12
3750,10.416666666666666,0,8.032301654316859,0.08032301654316859,320.0,12
3760,10.444444444444445,0,7.000787116977241,0.07000787116977242,320.0,12
3770,10.472222222222221,0,6.527276089801194,0.06527276089801193,320.0,12
3780,10.5,1,11.152766725149768,0.11152766725149768,320.0,12
3790,10.527777777777779,1,47.435967621581725,0.47435967621581726,320.0,12
3800,10.555555555555555,1,8.403033276183729,0.08403033276183729,320.0,12
3810,10.583333333333334,1,22.758836687817897,0.22758836687817896,320.0,12
3820,10.61111111111111,1,8.897812795869473,0.08897812795869472,320.0,12
3830,10.63888888888889,1,7.883562503619061,0.0788356250361906,320.0,12
3840,10.666666666666666,1,15.783632500359944,0.15783632500359945,320.0,12
3850,10.694444444444445,1,9.1314314304155,0.091314314304155,320.0,12
3860,10.722222222222221,1,8.53465740497769,0.0853465740497769,320.0,12
3870,10.75,1,10.950846184888753,0.10950846184888754,320.0,12
3880,10.777777777777779,1,7.96015509604639,0.0796015509604639,320.0,12
3890,10.805555555555555,1,8.105639882780062,0.08105639882780062,320.0,12
3900,10.833333333333334,1,10.915740523664116,0.10915740523664116,320.0,12
3910,10.86111111111111,1,8.480019141542492,0.08480019141542491,320.0,12
3920,10.88888888888889,1,8.768721711798898,0.08768721711798898,320.0,12
3930,10.916666666666666,1,10.41499250174063,0.10414992501740629,320.0,12
3940,10.944444444444445,1,8.143206870359187,0.08143206870359188,320.0,12
3950,10.972222222222221,1,8.535827193227107,0.08535827193227107,320.0,12
3960,11.0,1,11.286065944218134,0.11286065944218134,320.0,12
3970,11.027777777777779,1,8.744970001556702,0.08744970001556703,320.0,12
3980,11.055555555555555,1,8.095683902728984,0.08095683902728984,320.0,12
3990,11.083333333333334,0,7.831506900081318,0.07831506900081318,320.0,12
4000,11.11111111111111,0,6.3397576935575595,0.06339757693557559,320.0,12
4010,11.13888888888889,0,6.35123998580154,0.06351239985801539,320.0,12
4020,11.166666666666666,0,7.948486794430767,0.07948486794430767,320.0,12
4030,11.194444444444445,0,6.235009904374898,0.06235009904374899,320.0,12
4040,11.222222222222221,0,6.765465533123761,0.0676546553312376,320.0,12
4050,11.25,0,7.5506832573918565,0.07550683257391856,320.0,12
4060,11.277777777777779,0,6.6421451915069465,0.06642145191506947,320.0,12
4070,11.305555555555555,0,6.845332251152983,0.06845332251152983,320.0,12
4080,11.333333333333334,0,8.858786466608201,0.08858786466608201,320.0,12
4090,11.36111111111111,0,6.545435071967621,0.0654543507196762,320.0,12
4100,11.38888888888889,0,6.375317465629559,0.06375317465629558,320.0,12
4110,11.416666666666666,0,8.504248435183523,0.08504248435183523,320.0,12
4120,11.444444444444445,0,6.317903644023495,0.06317903644023495,320.0,12
4130,11.472222222222221,0,6.77834044697177,0.0677834044697177,320.0,12
4140,11.5,0,8.410187887506067,0.08410187887506067,320.0,12
4150,11.527777777777779,0,6.262815332885338,0.06262815332885338,320.0,12
4160,11.555555555555555,0,7.185565966841359,0.0718556596684136,320.0,12
4170,11.583333333333334,0,7.450565889611868,0.07450565889611868,320.0,12
4180,11.61111111111111,0,6.377272182366618,0.06377272182366618,320.0,12
4190,11.63888888888889,0,6.15947646492556,0.061594764649255604,320.0,12
4200,11.666666666666666,0,8.681199181233396,0.08681199181233396,320.0,12
4210,11.694444444444445,0,6.473312439142648,0.06473312439142649,320.0,12
4220,11.722222222222221,0,6.898602700453799,0.068986027004538,320.0,12
4230,11.75,0,7.618292661805322,0.07618292661805322,320.0,12
4240,11.777777777777779,0,6.756190026609886,0.06756190026609886,320.0,12
4250,11.805555555555555,0,6.441501820921799,0.064415018209218,320.0,12
4260,11.833333333333334,0,7.8393298066361075,0.07839329806636107,320.0,12
4270,11.86111111111111,0,6.616585986985794,0.06616585986985794,320.0,12
4280,11.88888888888889,0,6.407995051290516,0.06407995051290516,320.0,12
4290,11.916666666666666,0,7.814841339102528,0.07814841339102528,320.0,12
4300,11.944444444444445,0,6.586029555531825,0.06586029555531825,320.0,12
4310,11.972222222222221,0,6.526563106090064,0.06526563106090065,320.0,12
4320,12.0,1,10.737574552346446,0.10737574552346447,320.0,12
4330,12.027777777777779,1,8.257223952223391,0.08257223952223391,320.0,12
4340,12.055555555555555,1,8.798528607763405,0.08798528607763405,320.0,12
4350,12.083333333333334,1,10.83339894676181,0.1083339894676181,320.0,12
4360,12.11111111111111,1,8.213166160593168,0.08213166160593169,320.0,12
4370,12.13888888888889,1,8.116696762503606,0.08116696762503606,320.0,12
4380,12.166666666666666,1,10.9383112923709,0.109383112923709,320.0,12
4390,12.194444444444445,1,7.967699459820828,0.07967699459820829,320.0,12
4400,12.222222222222221,1,9.233283190106102,0.09233283190106102,320.0,12
4410,12.25,1,10.392277236352967,0.10392277236352966,320.0,12
4420,12.277777777777779,1,8.315047248627039,0.08315047248627039,320.0,12
4430,12.305555555555555,1,8.614508804214534,0.08614508804214534,320.0,12
4440,12.333333333333334,1,10.765394120765468,0.10765394120765467,320.0,12
4450,12.36111111111111,1,8.550466856168562,0.08550466856168562,320.0,12
4460,12.38888888888889,1,8.31180388642347,0.08311803886423469,320.0,12
4470,12.416666666666666,1,10.49591584543682,0.1049591584543682,320.0,12
4480,12.444444444444445,1,8.291394349706742,0.08291394349706742,320.0,12
4490,12.472222222222221,1,9.015010172283601,0.09015010172283601,320.0,12
4500,12.5,1,10.685951585757,0.10685951585757,320.0,12
4510,12.527777777777779,1,8.461201432663891,0.08461201432663891,320.0,12
4520,12.555555555555555,1,8.484667358920845,0.08484667358920846,320.0,12
4530,12.583333333333334,0,7.4304509173811795,0.0743045091738118,320.0,12
4540,12.61111111111111,0,6.295565941081241,0.06295565941081241,320.0,12
4550,12.63888888888889,0,6.5615602938063375,0.06561560293806337,320.0,12
4560,12.666666666666666,0,8.060241471185423,0.08060241471185423,320.0,12
4570,12.694444444444445,0,7.04769491454959,0.07047694914549589,320.0,12
4580,12.722222222222221,0,16.7296641988832,0.16729664198883198,320.0,12
4590,12.75,0,8.066599775804672,0.08066599775804673,320.0,12
4600,12.777777777777779,0,6.596889505483796,0.06596889505483797,320.0,12
4610,12.805555555555555,0,6.579278728166944,0.06579278728166944,320.0,12
4620,12.833333333333334,0,8.212995450799824,0.08212995450799825,320.0,12
4630,12.86111111111111,0,6.638697926319702,0.06638697926319702,320.0,12
4640,12.88888888888889,0,6.848884262103598,0.06848884262103598,320.0,12
4650,12.916666666666666,0,8.466239596295882,0.08466239596295881,320.0,13
4660,12.944444444444445,0,6.526510272923266,0.06526510272923265,320.0,13
4670,12.972222222222221,0,17.022556150316213,0.17022556150316212,320.0,13
4680,13.0,0,8.246386365497425,0.08246386365497425,320.0,13
4690,13.027777777777779,0,6.550711824118434,0.06550711824118434,320.0,13
4700,13.055555555555555,0,6.5301086828260875,0.06530108682826087,320.0,13
4710,13.083333333333334,0,15.597404094847406,0.15597404094847406,320.0,13
4720,13.11111111111111,0,6.426252719598814,0.06426252719598814,320.0,13
4730,13.13888888888889,0,5.966001394483412,0.05966001394483412,320.0,13
4740,13.166666666666666,0,8.511294349203606,0.08511294349203606,320.0,13
4750,13.194444444444445,0,6.746386093144275,0.06746386093144274,320.0,13
4760,13.222222222222221,0,6.795258359944455,0.06795258359944455,320.0,13
4770,13.25,0,7.795137823819761,0.07795137823819762,320.0,13
4780,13.277777777777779,0,6.236113940533706,0.06236113940533706,320.0,13
4790,13.305555555555555,0,7.013030561038317,0.07013030561038316,320.0,13
4800,13.333333333333334,0,8.491505131868976,0.08491505131868976,320.0,13
4810,13.36111111111111,0,6.282138183310772,0.06282138183310772,320.0,13
4820,13.38888888888889,0,6.63493803656499,0.0663493803656499,320.0,13
4830,13.416666666666666,0,8.253401826786709,0.08253401826786709,320.0,13
4840,13.444444444444445,0,6.113641679574801,0.061136416795748015,320.0,13
4850,13.472222222222221,0,6.080252311290861,0.06080252311290861,320.0,13
4860,13.5,1,10.227821589074209,0.1022782158907421,320.0,13
4870,13.527777777777779,1,8.174044974513484,0.08174044974513484,320.0,13
4880,13.555555555555555,1,7.992361938470435,0.07992361938470435,320.0,13
4890,13.583333333333334,1,16.106801147587916,0.16106801147587915,320.0,13
4900,13.61111111111111,1,8.522795133266728,0.08522795133266728,320.0,13
4910,13.63888888888889,1,8.25004242901148,0.0825004242901148,320.0,13
4920,13.666666666666666,1,9.588761268255013,0.09588761268255012,320.0,13
4930,13.694444444444445,1,8.271600379131435,0.08271600379131436,320.0,13
4940,13.722222222222221,1,9.10235558547145,0.0910235558547145,320.0,13
4950,13.75,1,9.421838154043376,0.09421838154043377,320.0,13
4960,13.777777777777779,1,8.159206511496693,0.08159206511496693,320.0,13
4970,13.805555555555555,1,8.32484954369725,0.08324849543697249,320.0,13
4980,13.833333333333334,1,10.457705744204981,0.1045770574420498,320.0,13
4990,13.86111111111111,1,8.694771944175216,0.08694771944175216,320.0,13
5000,13.88888888888889,1,8.384757199147073,0.08384757199147072,320.0,13
5010,13.916666666666666,1,10.365475343043476,0.10365475343043476,320.0,13
5020,13.944444444444445,1,7.818050772157964,0.07818050772157964,320.0,13
5030,13.972222222222221,1,8.511888501984073,0.08511888501984072,320.0,13
5040,14.0,1,10.595110305664202,0.10595110305664203,320.0,13
5050,14.027777777777779,1,8.378634508881916,0.08378634508881916,320.0,13
5060,14.055555555555555,1,8.747028884220999,0.08747028884220999,320.0,13
5070,14.083333333333334,0,8.187364274092092,0.08187364274092092,320.0,13
5080,14.11111111111111,0,6.411161653927994,0.06411161653927995,320.0,13
5090,14.13888888888889,0,6.507147741322477,0.06507147741322478,320.0,13
5100,14.166666666666666,0,7.674268003407917,0.07674268003407916,320.0,13
5110,14.194444444444445,0,7.041198511381912,0.07041198511381913,320.0,13
5120,14.222222222222221,0,6.0021383482565716,0.060021383482565714,320.0,13
5130,14.25,0,7.9577539385030835,0.07957753938503083,320.0,13
5140,14.277777777777779,0,6.394111527779593,0.06394111527779593,320.0,13
5150,14.305555555555555,0,6.606366395425084,0.06606366395425084,320.0,13
5160,14.333333333333334,0,7.873128269268453,0.07873128269268453,320.0,13
5170,14.36111111111111,0,6.767970221567523,0.06767970221567522,320.0,13
5180,14.38888888888889,0,6.572626982950945,0.06572626982950945,320.0,13
5190,14.416666666666666,0,8.142011394800829,0.08142011394800829,320.0,13
5200,14.444444444444445,0,6.035861504938228,0.06035861504938227,320.0,13
5210,14.472222222222221,0,7.073870249526678,0.07073870249526679,320.0,13
5220,14.5,0,7.373696942841,0.07373696942841,320.0,13
5230,14.527777777777779,0,11.826571153657035,0.11826571153657035,320.0,13
5240,14.555555555555555,0,6.3333007676742685,0.06333300767674269,320.0,13
5250,14.583333333333334,0,7.252864732757427,0.07252864732757427,320.0,13
5260,14.61111111111111,0,6.645759571953636,0.06645759571953636,320.0,13
5270,14.63888888888889,0,7.00767899854258,0.0700767899854258,320.0,13
5280,14.666666666666666,0,8.361443831639871,0.08361443831639871,320.0,13
5290,14.694444444444445,0,6.483280394416463,0.06483280394416463,320.0,13
5300,14.722222222222221,0,6.550392310762483,0.06550392310762483,320.0,13
5310,14.75,0,8.209078742699742,0.08209078742699742,320.0,13
5320,14.777777777777779,0,6.571237839970275,0.06571237839970274,320.0,13
5330,14.805555555555555,0,6.3477527758384245,0.06347752775838425,320.0,13
5340,14.833333333333334,0,8.244880344515785,0.08244880344515784,320.0,13
5350,14.86111111111111,0,6.7332676028658796,0.06733267602865879,320.0,13
5360,14.88888888888889,0,6.430277659207833,0.06430277659207832,320.0,13
5370,14.916666666666666,0,7.757387636896729,0.07757387636896729,320.0,13
5380,14.944444444444445,0,6.535205487654576,0.06535205487654576,320.0,13
5390,14.972222222222221,0,20.98725779955222,0.2098725779955222,320.0,13
5400,15.0,1,9.625722047780753,0.09625722047780753,320.0,13
5410,15.027777777777779,1,8.831214721023079,0.08831214721023078,320.0,13
5420,15.055555555555555,1,8.395514646857258,0.08395514646857258,320.0,13
5430,15.083333333333334,1,11.089392222607213,0.11089392222607213,320.0,13
5440,15.11111111111111,1,8.721343534557516,0.08721343534557516,320.0,13
5450,15.13888888888889,1,8.080778960856984,0.08080778960856984,320.0,13
5460,15.166666666666666,1,9.621561009425875,0.09621561009425876,320.0,13
5470,15.194444444444445,1,8.23787037951645,0.0823787037951645,320.0,13
5480,15.222222222222221,1,7.833725992836852,0.07833725992836853,320.0,13
5490,15.25,1,10.32089385653302,0.1032089385653302,320.0,13
5500,15.277777777777779,1,8.094204473108643,0.08094204473108643,320.0,13
5510,15.305555555555555,1,8.87588923878718,0.0887588923878718,320.0,13
5520,15.333333333333334,1,10.130860628315368,0.10130860628315366,320.0,13
5530,15.36111111111111,1,8.37668603970707,0.08376686039707071,320.0,13
5540,15.38888888888889,1,8.70527526141594,0.0870527526141594,320.0,13
5550,15.416666666666666,1,11.08720921889941,0.1108720921889941,320.0,13
5560,15.444444444444445,1,7.809414850645673,0.07809414850645674,320.0,13
5570,15.472222222222221,1,8.275783084309397,0.08275783084309397,320.0,13
5580,15.5,1,10.312383127089333,0.10312383127089332,320.0,13
5590,15.527777777777779,1,8.439071692728751,0.08439071692728752,320.0,13
5600,15.555555555555555,1,17.63296865721998,0.1763296865721998,320.0,13
5610,15.583333333333334,0,8.26610808421644,0.08266108084216439,320.0,13
5620,15.61111111111111,0,6.5506186123058985,0.06550618612305899,320.0,13
5630,15.63888888888889,0,5.895684836822397,0.05895684836822397,320.0,13
5640,15.666666666666666,0,8.66287220458654,0.0866287220458654,320.0,13
5650,15.694444444444445,0,45.96796916304906,0.4596796916304906,320.0,13
5660,15.722222222222221,0,6.863931117387992,0.06863931117387992,320.0,13
5670,15.75,0,8.03030908858686,0.0803030908858686,320.0,13
5680,15.777777777777779,0,5.930656439474236,0.059306564394742356,320.0,13
5690,15.805555555555555,0,6.379794254431903,0.06379794254431902,320.0,13
5700,15.833333333333334,0,8.24988525365131,0.08249885253651311,320.0,13
5710,15.86111111111111,0,6.692669500176962,0.06692669500176962,320.0,13
5720,15.88888888888889,0,6.352826178401793,0.06352826178401794,320.0,13
5730,15.916666666666666,0,7.870744029756512,0.07870744029756513,320.0,13
5740,15.944444444444445,0,6.64841044372162,0.0664841044372162,320.0,13
5750,15.972222222222221,0,6.511814685793631,0.06511814685793631,320.0,13
5760,16.0,0,7.955911213006875,0.07955911213006875,320.0,13
5770,16.02777777777778,0,6.255410142010294,0.06255410142010293,320.0,13
5780,16.055555555555557,0,7.139443941902188,0.07139443941902189,320.0,13
5790,16.083333333333332,0,8.061338835755798,0.08061338835755798,320.0,13
5800,16.11111111111111,0,6.8659406020220235,0.06865940602022023,320.0,13
5810,16.13888888888889,0,6.638495578732162,0.06638495578732162,320.0,13
5820,16.166666666666668,0,7.834842762284812,0.07834842762284813,320.0,13
5830,16.194444444444443,0,5.958673531718731,0.05958673531718732,320.0,13
5840,16.22222222222222,0,6.583458972455782,0.06583458972455782,320.0,13
5850,16.25,0,7.812092487069064,0.07812092487069064,320.0,13
5860,16.27777777777778,0,6.136191356882752,0.061361913568827524,320.0,13
5870,16.305555555555557,0,6.294107228109221,0.0629410722810922,320.0,13
5880,16.333333333333332,0,18.621272121380883,0.18621272121380886,320.0,13
5890,16.36111111111111,0,6.327009364298995,0.06327009364298995,320.0,13
5900,16.38888888888889,0,6.613089298948101,0.06613089298948101,320.0,13
5910,16.416666666666668,0,7.794952131284947,0.07794952131284948,320.0,13
5920,16.444444444444443,0,6.420840290620526,0.06420840290620526,320.0,13
5930,16.47222222222222,0,6.596375538915343,0.06596375538915342,320.0,13
5940,16.5,1,10.878495427484918,0.10878495427484919,320.0,13
5950,16.52777777777778,1,8.760038766157672,0.08760038766157673,320.0,13
5960,16.555555555555557,1,8.010441534762016,0.08010441534762015,320.0,13
5970,16.583333333333332,1,57.29653247176678,0.5729653247176678,320.0,14
5980,16.61111111111111,1,8.144898362384573,0.08144898362384573,320.0,14
5990,16.63888888888889,1,8.288191825776575,0.08288191825776575,320.0,14
6000,16.666666666666668,1,11.006632587653982,0.11006632587653982,320.0,14
6010,16.694444444444443,1,8.324152174276216,0.08324152174276217,320.0,14
6020,16.72222222222222,1,8.368420677474052,0.08368420677474052,320.0,14
6030,16.75,1,10.66903709451988,0.1066903709451988,320.0,14
6040,16.77777777777778,1,8.405581208338978,0.08405581208338979,320.0,14
6050,16.805555555555557,1,8.292604878280525,0.08292604878280524,320.0,14
6060,16.833333333333332,1,10.377534637589706,0.10377534637589707,320.0,14
6070,16.86111111111111,1,8.662986654081482,0.08662986654081482,320.0,14
6080,16.88888888888889,1,8.47755890108472,0.0847755890108472,320.0,14
6090,16.916666666666668,1,10.507169277302115,0.10507169277302114,320.0,14
6100,16.944444444444443,1,8.096146309595909,0.0809614630959591,320.0,15
6110,16.97222222222222,1,9.115821926896873,0.09115821926896872,320.0,15
6120,17.0,1,10.613923960683863,0.10613923960683862,320.0,15
6130,17.02777777777778,1,8.640457727498331,0.08640457727498331,320.0,15
6140,17.055555555555557,1,8.069551194146621,0.08069551194146621,320.0,15
6150,17.083333333333332,0,8.165951495808244,0.08165951495808245,320.0,15
6160,17.11111111111111,0,6.6271373397060005,0.06627137339706,320.0,15
6170,17.13888888888889,0,6.42183248516028,0.0642183248516028,320.0,15
6180,17.166666666666668,0,7.607376882180958,0.07607376882180958,320.0,15
6190,17.194444444444443,0,6.472089583884957,0.06472089583884956,320.0,15
6200,17.22222222222222,0,6.065385786450403,0.06065385786450403,320.0,15
6210,17.25,0,7.996021951720902,0.07996021951720901,320.0,15
6220,17.27777777777778,0,6.603308950142344,0.06603308950142343,320.0,15
6230,17.305555555555557,0,6.749090280506898,0.06749090280506898,320.0,15
6240,17.333333333333332,0,8.51275186616089,0.08512751866160889,320.0,15
6250,17.36111111111111,0,6.355410484184819,0.06355410484184819,320.0,15
6260,17.38888888888889,0,6.863999362767023,0.06863999362767023,320.0,15
6270,17.416666666666668,0,7.710161337729737,0.07710161337729737,320.0,15
6280,17.444444444444443,0,6.949173539207132,0.06949173539207132,320.0,15
6290,17.47222222222222,0,6.570261805952033,0.06570261805952032,320.0,15
6300,17.5,0,8.340922897909307,0.08340922897909306,320.0,15
6310,17.52777777777778,0,15.806171530726267,0.15806171530726268,320.0,15
6320,17.555555555555557,0,6.168308802616455,0.06168308802616455,320.0,15
6330,17.583333333333332,0,8.582240360602308,0.08582240360602307,320.0,15
6340,17.61111111111111,0,6.41540815589064,0.0641540815589064,320.0,15
6350,17.63888888888889,0,6.611027032615792,0.06611027032615792,320.0,15
6360,17.666666666666668,0,7.803096043206473,0.07803096043206473,320.0,15
6370,17.694444444444443,0,6.610087881712434,0.06610087881712434,320.0,15
6380,17.72222222222222,0,11.951313546138051,0.1195131354613805,320.0,15
6390,17.75,0,7.683554989842975,0.07683554989842974,320.0,15
6400,17.77777777777778,0,6.466140629574174,0.06466140629574174,320.0,15
6410,17.805555555555557,0,6.760115054555435,0.06760115054555434,320.0,15
6420,17.833333333333332,0,8.22078347547481,0.0822078347547481,320.0,15
6430,17.86111111111111,0,42.4089321712229,0.42408932171222896,320.0,15
6440,17.88888888888889,0,17.395914805069935,0.17395914805069934,320.0,15
6450,17.916666666666668,0,7.8581136578542505,0.0785811365785425,320.0,15
6460,17.944444444444443,0,6.715982688414054,0.06715982688414054,320.0,15
6470,17.97222222222222,0,6.823836310414001,0.06823836310414001,320.0,15
6480,18.0,1,9.854186811821457,0.09854186811821457,320.0,15
6490,18.02777777777778,1,7.95056344131253,0.0795056344131253,320.0,15
6500,18.055555555555557,1,8.261318431784995,0.08261318431784995,320.0,15
6510,18.083333333333332,1,10.660315796410863,0.10660315796410863,320.0,15
6520,18.11111111111111,1,7.819229570026554,0.07819229570026553,320.0,15
6530,18.13888888888889,1,7.8334086914658005,0.078334086914658,320.0,15
6540,18.166666666666668,1,10.284267269405465,0.10284267269405464,320.0,15
6550,18.194444444444443,1,8.237232849322538,0.08237232849322539,320.0,15
6560,18.22222222222222,1,8.32783930704741,0.0832783930704741,320.0,15
6570,18.25,1,10.714196031087846,0.10714196031087846,320.0,15
6580,18.27777777777778,1,8.476041247915603,0.08476041247915603,320.0,15
6590,18.305555555555557,1,8.640134135705447,0.08640134135705446,320.0,15
6600,18.333333333333332,1,10.91675440829511,0.1091675440829511,320.0,15
6610,18.36111111111111,1,8.18561828590015,0.0818561828590015,320.0,15
6620,18.38888888888889,1,8.655471793511547,0.08655471793511546,320.0,15
6630,18.416666666666668,1,10.08343160565801,0.1008343160565801,320.0,15
6640,18.444444444444443,1,8.319740123628693,0.08319740123628692,320.0,15
6650,18.47222222222222,1,8.487181768901353,0.08487181768901353,320.0,15
6660,18.5,1,10.11256228829294,0.1011256228829294,320.0,15
6670,18.52777777777778,1,8.465552245461264,0.08465552245461264,320.0,16
6680,18.555555555555557,1,7.995516327834961,0.0799551632783496,320.0,16
6690,18.583333333333332,0,8.29070764638756,0.0829070764638756,320.0,16
6700,18.61111111111111,0,6.647817922167662,0.06647817922167662,320.0,16
6710,18.63888888888889,0,6.744986274208076,0.06744986274208076,320.0,16
6720,18.666666666666668,0,8.198632159495487,0.08198632159495486,320.0,16
6730,18.694444444444443,0,6.5948030346463415,0.0659480303464634,320.0,16
6740,18.72222222222222,0,6.066593872842248,0.060665938728422485,320.0,16
6750,18.75,0,8.388791358920482,0.08388791358920482,320.0,16
6760,18.77777777777778,0,6.517411560454543,0.06517411560454543,320.0,16
6770,18.805555555555557,0,6.236757255261614,0.06236757255261614,320.0,16
6780,18.833333333333332,0,7.9185693105641315,0.07918569310564132,320.0,16
6790,18.86111111111111,0,6.359286895968317,0.06359286895968316,320.0,16
6800,18.88888888888889,0,6.411339658493744,0.06411339658493745,320.0,16
6810,18.916666666666668,0,8.170132604424953,0.08170132604424954,320.0,16
6820,18.944444444444443,0,6.627375255469907,0.06627375255469907,320.0,16
6830,18.97222222222222,0,6.924736779065954,0.06924736779065954,320.0,16
6840,19.0,0,21.028640579580603,0.21028640579580604,320.0,16
6850,19.02777777777778,0,6.558785608352734,0.06558785608352734,320.0,16
6860,19.055555555555557,0,6.0733185267091585,0.06073318526709159,320.0,16
6870,19.083333333333332,0,8.461812797450321,0.08461812797450322,320.0,16
6880,19.11111111111111,0,6.621654363160971,0.06621654363160971,320.0,16
6890,19.13888888888889,0,63.431643845971124,0.6343164384597112,320.0,17
6900,19.166666666666668,0,62.41526934605173,0.6241526934605173,320.0,18
6910,19.194444444444443,0,6.357508654431403,0.06357508654431403,320.0,18
6920,19.22222222222222,0,6.261843346910693,0.06261843346910692,320.0,18
6930,19.25,0,7.643199050088895,0.07643199050088895,320.0,18
6940,19.27777777777778,0,6.311068464921291,0.0631106846492129,320.0,18
6950,19.305555555555557,0,6.600491892126393,0.06600491892126392,320.0,18
6960,19.333333333333332,0,8.278457324173264,0.08278457324173263,320.0,18
6970,19.36111111111111,0,5.9735255535160565,0.05973525553516056,320.0,18
6980,19.38888888888889,0,6.314358241822164,0.06314358241822164,320.0,18
6990,19.416666666666668,0,14.50422307104069,0.1450422307104069,320.0,18
7000,19.444444444444443,0,6.801917471696065,0.06801917471696065,320.0,18
7010,19.47222222222222,0,6.150346387471934,0.06150346387471935,320.0,18
7020,19.5,1,11.172980859042145,0.11172980859042146,320.0,18
7030,19.52777777777778,1,8.980206791058169,0.08980206791058169,320.0,18
7040,19.555555555555557,1,8.754316539644282,0.08754316539644283,320.0,18
7050,19.583333333333332,1,24.12920828147903,0.24129208281479028,320.0,18
7060,19.61111111111111,1,8.755217525617885,0.08755217525617885,320.0,18
7070,19.63888888888889,1,8.685677940423558,0.08685677940423557,320.0,18
7080,19.666666666666668,1,10.60921221202467,0.1060921221202467,320.0,18
7090,19.694444444444443,1,8.123221272380308,0.08123221272380307,320.0,18
7100,19.72222222222222,1,8.23969360568404,0.0823969360568404,320.0,18
7110,19.75,1,10.391257547077366,0.10391257547077365,320.0,18
7120,19.77777777777778,1,8.101813926863192,0.08101813926863193,320.0,18
7130,19.805555555555557,1,8.432883339384292,0.08432883339384292,320.0,18
7140,19.833333333333332,1,11.08057840931255,0.1108057840931255,320.0,18
7150,19.86111111111111,1,8.838514301014545,0.08838514301014545,320.0,18
7160,19.88888888888889,1,8.996331043092697,0.08996331043092697,320.0,18
7170,19.916666666666668,1,10.47286951698237,0.10472869516982368,320.0,18
7180,19.944444444444443,1,8.97292917248501,0.0897292917248501,320.0,18
7190,19.97222222222222,1,8.426284536082385,0.08426284536082385,320.0,18
7200,20.0,1,10.59334289668763,0.1059334289668763,320.0,18
7210,20.02777777777778,1,16.045331865540756,0.16045331865540755,320.0,18
7220,20.055555555555557,1,8.688652832011424,0.08688652832011425,320.0,18
7230,20.083333333333332,0,8.612131319558685,0.08612131319558686,320.0,18
7240,20.11111111111111,0,6.452518265334261,0.06452518265334262,320.0,18
7250,20.13888888888889,0,6.3755313228719865,0.06375531322871987,320.0,18
7260,20.166666666666668,0,8.022417301225662,0.08022417301225662,320.0,18
7270,20.194444444444443,0,6.423130179579632,0.06423130179579632,320.0,18
7280,20.22222222222222,0,6.47705094973103,0.0647705094973103,320.0,18
7290,20.25,0,7.297995553611695,0.07297995553611696,320.0,18
7300,20.27777777777778,0,6.206108285615851,0.062061082856158516,320.0,18
7310,20.305555555555557,0,6.373701342832609,0.06373701342832609,320.0,18
7320,20.333333333333332,0,8.224096315215084,0.08224096315215083,320.0,18
7330,20.36111111111111,0,6.773851494800117,0.06773851494800116,320.0,18
7340,20.38888888888889,0,6.465239185594127,0.06465239185594128,320.0,18
7350,20.416666666666668,0,8.240182863214521,0.08240182863214522,320.0,18
7360,20.444444444444443,0,6.843148368044922,0.06843148368044923,320.0,18
7370,20.47222222222222,0,6.754603628349742,0.06754603628349742,320.0,18
7380,20.5,0,7.963475328133622,0.07963475328133622,320.0,18
7390,20.52777777777778,0,6.6427878117472225,0.06642787811747222,320.0,18
7400,20.555555555555557,0,6.153524557067959,0.06153524557067959,320.0,18
7410,20.583333333333332,0,8.083284644658503,0.08083284644658503,320.0,18
7420,20.61111111111111,0,6.187069141736292,0.061870691417362914,320.0,18
7430,20.63888888888889,0,6.703031741451241,0.06703031741451242,320.0,18
7440,20.666666666666668,0,8.000616889049697,0.08000616889049697,320.0,18
7450,20.694444444444443,0,6.436613301334461,0.06436613301334461,320.0,18
7460,20.72222222222222,0,6.501440010663634,0.06501440010663634,320.0,18
7470,20.75,0,8.346426001406448,0.08346426001406448,320.0,18
7480,20.77777777777778,0,6.10571588736484,0.061057158873648404,320.0,18
7490,20.805555555555557,0,6.347061846838411,0.06347061846838412,320.0,18
7500,20.833333333333332,0,8.572537970882436,0.08572537970882436,320.0,18
7510,20.86111111111111,0,6.394878591646396,0.06394878591646395,320.0,18
7520,20.88888888888889,0,6.398419177792549,0.06398419177792548,320.0,18
7530,20.916666666666668,0,7.891892388387456,0.07891892388387456,320.0,18
7540,20.944444444444443,0,6.657346289581749,0.06657346289581749,320.0,18
7550,20.97222222222222,0,6.419534797138312,0.06419534797138313,320.0,18
7560,21.0,1,9.823697985628375,0.09823697985628374,320.0,18
7570,21.02777777777778,1,15.907987632461353,0.15907987632461354,320.0,18
7580,21.055555555555557,1,8.508435480293906,0.08508435480293906,320.0,18
7590,21.083333333333332,1,9.91089615067382,0.09910896150673819,320.0,18
7600,21.11111111111111,1,7.994418252151738,0.07994418252151737,320.0,18
7610,21.13888888888889,1,8.197690572434544,0.08197690572434543,320.0,18
7620,21.166666666666668,1,10.320247602255657,0.10320247602255657,320.0,18
7630,21.194444444444443,1,8.434784193352215,0.08434784193352214,320.0,18
7640,21.22222222222222,1,8.279893811208733,0.08279893811208734,320.0,18
7650,21.25,1,9.70062544366137,0.09700625443661369,320.0,18
7660,21.27777777777778,1,8.276760390498398,0.08276760390498397,320.0,18
7670,21.305555555555557,1,8.842941712113936,0.08842941712113936,320.0,18
7680,21.333333333333332,1,10.723595264945981,0.10723595264945981,320.0,18
7690,21.36111111111111,1,8.597231390028728,0.08597231390028728,320.0,18
7700,21.38888888888889,1,8.879442277076286,0.08879442277076287,320.0,18
7710,21.416666666666668,1,10.53596394430424,0.1053596394430424,320.0,18
7720,21.444444444444443,1,8.615989922898448,0.08615989922898448,320.0,18
7730,21.47222222222222,1,8.867117582257514,0.08867117582257514,320.0,18
7740,21.5,1,11.012393473066746,0.11012393473066746,320.0,18
7750,21.52777777777778,1,8.530380267461089,0.08530380267461089,320.0,18
7760,21.555555555555557,1,8.079206392975017,0.08079206392975018,320.0,18
7770,21.583333333333332,0,7.949188482741251,0.07949188482741251,320.0,18
7780,21.61111111111111,0,6.787700115863885,0.06787700115863884,320.0,18
7790,21.63888888888889,0,6.689840116636092,0.06689840116636092,320.0,18
7800,21.666666666666668,0,7.770074041348804,0.07770074041348803,320.0,18
7810,21.694444444444443,0,6.520159767312577,0.06520159767312576,320.0,18
7820,21.72222222222222,0,6.852759567766994,0.06852759567766993,320.0,18
7830,21.75,0,7.557348390858442,0.07557348390858441,320.0,18
7840,21.77777777777778,0,6.130762041645714,0.06130762041645715,320.0,18
7850,21.805555555555557,0,6.01488794965373,0.0601488794965373,320.0,18
7860,21.833333333333332,0,7.420663313094229,0.07420663313094229,320.0,18
7870,21.86111111111111,0,6.672417984338205,0.06672417984338205,320.0,18
7880,21.88888888888889,0,6.102138132056052,0.06102138132056052,320.0,18
7890,21.916666666666668,0,8.929980570313441,0.08929980570313442,320.0,18
7900,21.944444444444443,0,6.78744982607215,0.0678744982607215,320.0,18
7910,21.97222222222222,0,6.301186147672639,0.0630118614767264,320.0,18
7920,22.0,0,20.374008398647213,0.20374008398647211,320.0,18
7930,22.02777777777778,0,6.661427271773352,0.06661427271773351,320.0,18
7940,22.055555555555557,0,6.505393114841629,0.06505393114841629,320.0,18
7950,22.083333333333332,0,8.46833993851102,0.08468339938511021,320.0,18
7960,22.11111111111111,0,6.615407878850856,0.06615407878850856,320.0,18
7970,22.13888888888889,0,18.695315272768408,0.18695315272768406,320.0,18
7980,22.166666666666668,0,8.335320439522151,0.08335320439522151,320.0,18
7990,22.194444444444443,0,6.582723013294605,0.06582723013294606,320.0,18
8000,22.22222222222222,0,6.969743493656155,0.06969743493656155,320.0,18
8010,22.25,0,7.5476992152106686,0.0754769921521067,320.0,18
8020,22.27777777777778,0,6.534796883194526,0.06534796883194526,320.0,18
8030,22.305555555555557,0,6.287503611963647,0.06287503611963646,320.0,18
8040,22.333333333333332,0,7.877725022933938,0.07877725022933937,320.0,18
8050,22.36111111111111,0,6.897535441825092,0.06897535441825091,320.0,18
8060,22.38888888888889,0,6.6391272554082885,0.06639127255408288,320.0,18
8070,22.416666666666668,0,7.492120520564198,0.07492120520564198,320.0,18
8080,22.444444444444443,0,6.533305084867014,0.06533305084867015,320.0,18
8090,22.47222222222222,0,6.0218090666075605,0.060218090666075606,320.0,18
8100,22.5,1,9.529206944312106,0.09529206944312106,320.0,18
8110,22.52777777777778,1,8.714450293496014,0.08714450293496014,320.0,18
8120,22.555555555555557,1,8.64325535122109,0.0864325535122109,320.0,18
8130,22.583333333333332,1,10.996328009085016,0.10996328009085016,320.0,18
8140,22.61111111111111,1,8.16848364049245,0.08168483640492451,320.0,18
8150,22.63888888888889,1,9.471298390016319,0.09471298390016318,320.0,18
8160,22.666666666666668,1,10.116056452153693,0.10116056452153692,320.0,18
8170,22.694444444444443,1,8.194157910811892,0.08194157910811893,320.0,18
8180,22.72222222222222,1,7.730269932149208,0.07730269932149209,320.0,19
8190,22.75,1,10.688277395321254,0.10688277395321255,320.0,19
8200,22.77777777777778,1,8.329200636886664,0.08329200636886665,320.0,19
8210,22.805555555555557,1,8.460044600529065,0.08460044600529065,320.0,19
8220,22.833333333333332,1,10.123212696791082,0.10123212696791083,320.0,19
8230,22.86111111111111,1,8.4761513047905,0.084761513047905,320.0,19
8240,22.88888888888889,1,14.638790692218393,0.14638790692218392,320.0,19
8250,22.916666666666668,1,10.465291677367043,0.10465291677367043,320.0,19
8260,22.944444444444443,1,22.392307244195862,0.22392307244195864,320.0,19
8270,22.97222222222222,1,8.209939448707079,0.08209939448707079,320.0,19
8280,23.0,1,10.10494732126209,0.10104947321262091,320.0,19
8290,23.02777777777778,1,8.64946917394499,0.0864946917394499,320.0,19
8300,23.055555555555557,1,8.102813813135377,0.08102813813135377,320.0,19
8310,23.083333333333332,0,8.257296423640877,0.08257296423640877,320.0,19
8320,23.11111111111111,0,50.60460330816677,0.5060460330816677,320.0,19
8330,23.13888888888889,0,6.217536225337268,0.062175362253372675,320.0,19
8340,23.166666666666668,0,7.743924604683565,0.07743924604683565,320.0,20
8350,23.194444444444443,0,6.375456205730336,0.06375456205730336,320.0,20
8360,23.22222222222222,0,6.854666940486136,0.06854666940486136,320.0,20
8370,23.25,0,8.225181383339955,0.08225181383339955,320.0,20
8380,23.27777777777778,0,6.679764780713024,0.06679764780713024,320.0,20
8390,23.305555555555557,0,6.657412908041101,0.06657412908041101,320.0,20
8400,23.333333333333332,0,7.874764364946953,0.07874764364946954,320.0,21
8410,23.36111111111111,0,6.5248306461945615,0.06524830646194563,320.0,21
8420,23.38888888888889,0,6.138497214493308,0.06138497214493308,320.0,21
8430,23.416666666666668,0,8.216972710613257,0.08216972710613257,320.0,21
8440,23.444444444444443,0,6.96423791914332,0.0696423791914332,320.0,21
8450,23.47222222222222,0,6.474592943461556,0.06474592943461556,320.0,21
8460,23.5,0,8.398097796899139,0.08398097796899139,320.0,21
8470,23.52777777777778,0,6.3558497534834055,0.06355849753483406,320.0,21
8480,23.555555555555557,0,6.211015451868774,0.06211015451868774,320.0,21
8490,23.583333333333332,0,7.886195080574778,0.07886195080574777,320.0,21
8500,23.61111111111111,0,6.558583125251641,0.06558583125251641,320.0,21
8510,23.63888888888889,0,6.475808149651435,0.06475808149651435,320.0,21
8520,23.666666666666668,0,7.738179972710828,0.07738179972710828,320.0,21
8530,23.694444444444443,0,6.432237475953432,0.06432237475953433,320.0,21
8540,23.72222222222222,0,6.452747384801662,0.06452747384801662,320.0,21
8550,23.75,0,8.074677888692223,0.08074677888692224,320.0,21
8560,23.77777777777778,0,12.291151629591212,0.12291151629591213,320.0,21
8570,23.805555555555557,0,6.4658884589700385,0.06465888458970039,320.0,21
8580,23.833333333333332,0,7.69390697448892,0.07693906974488919,320.0,21
8590,23.86111111111111,0,6.594555299000936,0.06594555299000936,320.0,21
8600,23.88888888888889,0,5.9660360727390165,0.059660360727390165,320.0,21
8610,23.916666666666668,0,8.350246754789236,0.08350246754789237,320.0,21
8620,23.944444444444443,0,6.499362776990342,0.06499362776990342,320.0,21
8630,23.97222222222222,0,6.071649497337767,0.06071649497337767,320.0,21
