category,family,backend,circuit,compiler,status,input_qubits,input_gate_count,gate_count,two_qubit_count,swap_count,depth,critical_duration_us,gate_fidelity,readout_fidelity,coherence_fidelity,total_estimated_fidelity,hardware_score,compile_time_ms,error
quantum_chemistry,UCCSD,FakeBrisbane,H2_UCCSD_4q,qade_phase3,ok,4,22,76,0,0,39,6.120000000000002,0.8195129558255755,0.01630361285848547,0.7723768588083894,0.010319744175250747,-4.573696308455867,1459.1399999335408,
quantum_chemistry,UCCSD,FakeBrisbane,H2_UCCSD_4q,qiskit_l3,ok,4,22,76,0,0,39,6.120000000000002,0.8195129558255755,0.01630361285848547,0.7723768588083894,0.010319744175250747,-4.573696308455867,9.202899993397295,
quantum_chemistry,UCCSD,FakeBrisbane,H2_UCCSD_4q,tket,ok,4,22,42,12,0,23,6.960000000000002,0.7580990503665396,0.01630361285848547,0.5028150845019984,0.006214670463097588,-5.080842578257469,187.53569992259145,
quantum_chemistry,UCCSD,FakeBrisbane,H2_UCCSD_4q,bqskit,ok,4,22,22,12,0,13,7.200000000000002,0.7475109431831034,0.01630361285848547,0.6709156603759467,0.00817653571798776,-4.8064867244300915,2226.217900053598,
quantum_chemistry,UCCSD,FakeBrisbane,LiH_UCCSD_8q,qade_phase3,ok,8,50,177,0,0,39,6.120000000000002,0.7251527998568882,0.01630361285848547,0.481199073547272,0.005689029225339253,-5.169215656060492,1494.7206999640912,
quantum_chemistry,UCCSD,FakeBrisbane,LiH_UCCSD_8q,qiskit_l3,ok,8,50,177,0,0,39,6.120000000000002,0.7251527998568882,0.01630361285848547,0.481199073547272,0.005689029225339253,-5.169215656060492,10.204900056123734,
quantum_chemistry,UCCSD,FakeBrisbane,LiH_UCCSD_8q,tket,ok,8,50,94,28,0,23,7.080000000000002,0.6041430156122013,0.01630361285848547,0.21826974570609964,0.00214989453463247,-6.142336491705052,434.0178999118507,
quantum_chemistry,UCCSD,FakeBrisbane,LiH_UCCSD_8q,bqskit,ok,8,50,130,28,0,27,6.42,0.6141372728916853,0.01630361285848547,0.2344625540149596,0.00234759297776105,-6.054364740526241,17.344900057651103,
quantum_chemistry,ADAPT-VQE,FakeBrisbane,BeH2_ADAPT_10q,qade_phase3,ok,10,58,243,0,0,87,14.879999999999997,0.6706269543723238,0.01630361285848547,0.38356844079510616,0.0041938001048856,-5.474148009801948,1594.6280000498518,
quantum_chemistry,ADAPT-VQE,FakeBrisbane,BeH2_ADAPT_10q,qiskit_l3,ok,10,58,215,0,0,84,14.879999999999999,0.66294397890925,0.01630361285848547,0.2989909185780233,0.0032316080562434756,-5.734775415403703,12.652400066144764,
quantum_chemistry,ADAPT-VQE,FakeBrisbane,BeH2_ADAPT_10q,tket,ok,10,58,131,29,5,44,18.719999999999985,3.1028198973214314e-31,0.01630361285848547,0.10154845401661126,5.137049350904251e-34,-76.65141430340816,921.1473999312147,
quantum_chemistry,ADAPT-VQE,FakeBrisbane,BeH2_ADAPT_10q,bqskit,ok,10,58,183,36,0,67,17.939999999999994,0.4785325613083651,0.01630361285848547,0.12564518065785094,0.0009802597791317797,-6.927692940680636,20.378299988806248,
quantum_chemistry,Molecular Hamiltonian,FakeBrisbane,LiH_Hamiltonian_8q,qade_phase3,ok,8,68,109,0,0,28,4.56,0.8153608030234278,0.01630361285848547,0.7301504371049405,0.009706128426518522,-4.634997796423914,1469.7616000194103,
quantum_chemistry,Molecular Hamiltonian,FakeBrisbane,LiH_Hamiltonian_8q,qiskit_l3,ok,8,68,109,0,0,28,4.56,0.8153608030234278,0.01630361285848547,0.7301504371049405,0.009706128426518522,-4.634997796423914,23.221499985083938,
quantum_chemistry,Molecular Hamiltonian,FakeBrisbane,LiH_Hamiltonian_8q,tket,ok,8,68,95,14,0,27,5.700000000000001,0.7532498290675188,0.01630361285848547,0.49981765339725526,0.006138107456661491,-5.093238816150365,302.96180001460016,
quantum_chemistry,Molecular Hamiltonian,FakeBrisbane,LiH_Hamiltonian_8q,bqskit,ok,8,68,90,14,0,24,4.92,0.7833437655576825,0.01630361285848547,0.5983775546012658,0.007642079302001854,-4.874085552884622,19.45040002465248,
qml,Data Re-uploading,FakeBrisbane,Reuploading_8q_l4,qade_phase3,ok,8,96,137,73,41,63,76.97999999999988,0.07813339987632727,0.01630361285848547,0.0009630460679155062,1.226782688816501e-06,-13.611115515649939,1603.695600060746,
qml,Data Re-uploading,FakeBrisbane,Reuploading_8q_l4,qiskit_l3,ok,8,96,558,0,0,308,58.139999999999986,0.4476907190420292,0.01630361285848547,0.000120210343915023,8.774124348536984e-07,-13.946288675926192,21.743499906733632,
qml,Data Re-uploading,FakeBrisbane,Reuploading_8q_l4,tket,ok,8,96,140,35,11,30,21.41999999999999,0.3182684082785194,0.01630361285848547,0.008477946485367826,4.3991427734596006e-05,-10.031515767240442,1414.9871999397874,
qml,Data Re-uploading,FakeBrisbane,Reuploading_8q_l4,bqskit,ok,8,96,473,80,0,252,62.760000000000055,3.6607383415771667e-121,0.01630361285848547,1.4115337704959816e-05,8.424493800754212e-128,-292.599748511801,31.259199953638017,
qml,Variational Classifier,FakeBrisbane,Classifier_10q_l3,qade_phase3,ok,10,97,264,0,0,36,4.68,0.6939996275079492,0.01630361285848547,0.5982179816614268,0.006768657745369189,-4.995452476800866,1505.6851000990719,
qml,Variational Classifier,FakeBrisbane,Classifier_10q_l3,qiskit_l3,ok,10,97,261,0,0,36,4.68,0.7050196380440829,0.01630361285848547,0.49031292618561517,0.005635836834282451,-5.178609635988902,10.965600027702749,
qml,Variational Classifier,FakeBrisbane,Classifier_10q_l3,tket,ok,10,97,117,27,0,15,5.400000000000001,0.594713290288719,0.01630361285848547,0.2661065795779834,0.002580162808562381,-5.959902777945644,716.8779999483377,
qml,Variational Classifier,FakeBrisbane,Classifier_10q_l3,bqskit,ok,10,97,211,27,0,33,5.1000000000000005,0.7021738696686545,0.01630361285848547,0.46362981069650366,0.005307620595330804,-5.23861164296232,19.519099965691566,
qml,Quantum Kernel,FakeBrisbane,Kernel_8q_l2,qade_phase3,ok,8,86,343,0,0,139,25.079999999999995,0.5837601509939833,0.01630361285848547,0.11274833095789795,0.0010730709091374333,-6.837230732580059,1663.3388999616727,
qml,Quantum Kernel,FakeBrisbane,Kernel_8q_l2,qiskit_l3,ok,8,86,371,0,0,161,29.33999999999999,0.5201079216517355,0.01630361285848547,0.06477414585626694,0.0005492613215260345,-7.506936234210975,14.074299950152636,
qml,Quantum Kernel,FakeBrisbane,Kernel_8q_l2,tket,ok,8,86,149,47,11,73,33.83999999999999,0.4320765474810838,0.01630361285848547,0.08772758045811391,0.0006179889358659148,-7.389040003796434,1070.7807000726461,
qml,Quantum Kernel,FakeBrisbane,Kernel_8q_l2,bqskit,ok,8,86,225,52,0,76,20.879999999999992,0.46893644409633795,0.01630361285848547,0.07464219346060182,0.0005706663088093778,-7.468705917017264,21.792200044728816,
qml,Feature Map,FakeBrisbane,FeatureMap_12q_r2,qade_phase3,ok,12,70,196,0,0,57,9.540000000000003,0.6927831041609034,0.01630361285848547,0.4641305888985348,0.005242293515973785,-5.250996182521088,1489.42670004908,
qml,Feature Map,FakeBrisbane,FeatureMap_12q_r2,qiskit_l3,ok,12,70,194,0,0,61,9.66,0.7397336034354172,0.01630361285848547,0.27804499652137843,0.0033533144932025956,-5.697806021323682,12.027000077068806,
qml,Feature Map,FakeBrisbane,FeatureMap_12q_r2,tket,ok,12,70,152,47,33,31,25.619999999999987,0.06872517775884875,0.01630361285848547,0.00046853715226555524,5.249812100637754e-07,-14.45990336534999,848.2825000537559,
qml,Feature Map,FakeBrisbane,FeatureMap_12q_r2,bqskit,ok,12,70,176,22,0,52,10.439999999999996,0.5996369932469738,0.01630361285848547,0.17335921260876797,0.0016948028971284265,-6.380188829791319,19.970900029875338,
optimization,MaxCut,FakeBrisbane,MaxCut_10q_3regular,qade_phase3,ok,10,108,152,96,44,99,82.19999999999979,0.047775184303869844,0.01630361285848547,0.0006489789179012215,5.05494941809676e-07,-14.497727804847173,1730.736400000751,
optimization,MaxCut,FakeBrisbane,MaxCut_10q_3regular,qiskit_l3,ok,10,108,695,0,0,317,59.460000000000015,0.30746831050426193,0.01630361285848547,0.0007494849680847248,3.7570514507343922e-06,-12.491876096833689,18.846899969503284,
optimization,MaxCut,FakeBrisbane,MaxCut_10q_3regular,tket,ok,10,108,248,98,46,167,87.29999999999968,0.004551356446374587,0.01630361285848547,2.308858941712036e-05,1.7132553796525461e-09,-20.184870545439793,1516.2355999927968,
optimization,MaxCut,FakeBrisbane,MaxCut_10q_3regular,bqskit,ok,10,108,625,134,0,339,93.11999999999968,1.931125407087934e-106,0.01630361285848547,8.469018766717536e-08,2.6664130556174004e-115,-263.8165515499697,31.28590004052967,
optimization,Portfolio,FakeBrisbane,Portfolio_8q,qade_phase3,ok,8,86,238,0,0,65,10.620000000000001,0.7029197839639151,0.01630361285848547,0.5240319957130929,0.006005475857934975,-5.11508358297032,1518.2058000937104,
optimization,Portfolio,FakeBrisbane,Portfolio_8q,qiskit_l3,ok,8,86,238,0,0,65,10.620000000000001,0.7029197839639151,0.01630361285848547,0.5240319957130929,0.006005475857934975,-5.11508358297032,12.317799963057041,
optimization,Portfolio,FakeBrisbane,Portfolio_8q,tket,ok,8,86,149,32,0,47,12.839999999999995,0.5316885991377098,0.01630361285848547,0.08453815213383555,0.0007328143290730872,-7.218618190929416,578.8454000139609,
optimization,Portfolio,FakeBrisbane,Portfolio_8q,bqskit,ok,8,86,194,32,0,45,11.1,0.4796645558341239,0.01630361285848547,0.29928589045351384,0.002340495040027243,-6.057392816420053,19.22990009188652,
optimization,Scheduling,FakeBrisbane,Scheduling_9q,qade_phase3,ok,9,69,212,0,0,46,7.560000000000002,0.7262347772078502,0.01630361285848547,0.4656977830135122,0.0055139784789445066,-5.20046886937246,1533.669300028123,
optimization,Scheduling,FakeBrisbane,Scheduling_9q,qiskit_l3,ok,9,69,212,0,0,46,7.560000000000002,0.7262347772078502,0.01630361285848547,0.4656977830135122,0.0055139784789445066,-5.20046886937246,20.1054000062868,
optimization,Scheduling,FakeBrisbane,Scheduling_9q,tket,ok,9,69,133,28,0,34,9.119999999999997,0.6504238589409348,0.01630361285848547,0.3160711425709523,0.003351700191903442,-5.698287541918687,476.75390006043017,
optimization,Scheduling,FakeBrisbane,Scheduling_9q,bqskit,ok,9,69,183,28,0,33,7.860000000000001,4.3404856721591525e-61,0.01630361285848547,0.42688567102835373,3.0208819795075284e-63,-143.95731202368074,23.2348000863567,
optimization,Vehicle Routing,FakeBrisbane,VRP_10q,qade_phase3,ok,10,84,257,0,0,73,13.260000000000002,0.5267726596048447,0.01630361285848547,0.2982556893515101,0.002561508593196423,-5.967158899838966,1536.5817999700084,
optimization,Vehicle Routing,FakeBrisbane,VRP_10q,qiskit_l3,ok,10,84,260,0,0,76,13.38,0.6484199516753323,0.01630361285848547,0.21398060239730707,0.0022621147389709742,-6.09145517800747,11.570499977096915,
optimization,Vehicle Routing,FakeBrisbane,VRP_10q,tket,ok,10,84,168,36,0,54,15.539999999999987,0.524604770860437,0.01630361285848547,0.055823374965287234,0.0004774547072820568,-7.647041256401968,681.8747000070289,
optimization,Vehicle Routing,FakeBrisbane,VRP_10q,bqskit,ok,10,84,212,36,0,51,14.039999999999996,0.487762785348845,0.01630361285848547,0.07491666443055825,0.0005957594623490218,-7.425673559024656,19.56609997432679,
optimization,Knapsack,FakeBrisbane,Knapsack_8q,qade_phase3,ok,8,40,189,0,0,70,11.819999999999999,0.7427663306985579,0.01630361285848547,0.3801883385130601,0.004603995122970786,-5.380830847425671,1510.90530003421,
optimization,Knapsack,FakeBrisbane,Knapsack_8q,qiskit_l3,ok,8,40,208,0,0,82,14.04,0.7145758475180439,0.01630361285848547,0.29729431888405755,0.0034635287532973915,-5.665467338732294,12.827200000174344,
optimization,Knapsack,FakeBrisbane,Knapsack_8q,tket,ok,8,40,93,15,5,36,12.779999999999996,0.7038201090313692,0.01630361285848547,0.3985557953782626,0.004573352257393076,-5.387508807447131,875.2678000601009,
optimization,Knapsack,FakeBrisbane,Knapsack_8q,bqskit,ok,8,40,156,31,0,61,14.219999999999995,0.6764393857657504,0.01630361285848547,0.27353037208451936,0.0030166039605065325,-5.803623596726876,19.40739993005991,
error_mitigation,Zero Noise Extrapolation,FakeBrisbane,ZNE_QAOA_8q,qade_phase3,ok,8,93,118,0,0,62,10.619999999999997,0.7880756856986085,0.01630361285848547,0.5785205613536121,0.007433110372867621,-4.901810884315509,1502.2265000734478,
error_mitigation,Zero Noise Extrapolation,FakeBrisbane,ZNE_QAOA_8q,qiskit_l3,ok,8,93,116,0,0,60,10.5,0.787501965744828,0.01630361285848547,0.3827679286324606,0.004914406114146916,-5.315584363986461,9.721999987959862,
error_mitigation,Zero Noise Extrapolation,FakeBrisbane,ZNE_QAOA_8q,tket,ok,8,93,80,14,0,41,11.579999999999997,0.7237297940510848,0.01630361285848547,0.21127227808643126,0.002492888310290318,-5.994313276771916,323.59509996604174,
error_mitigation,Zero Noise Extrapolation,FakeBrisbane,ZNE_QAOA_8q,bqskit,ok,8,93,93,14,0,37,10.679999999999998,0.18659266454677567,0.01630361285848547,0.3430531453796436,0.0010436138311927141,-6.865065751442732,16.913000028580427,
error_mitigation,Probabilistic Error Cancellation,FakeBrisbane,PEC_8q,qade_phase3,ok,8,185,228,0,0,74,11.280000000000003,0.6733187100677532,0.01630361285848547,0.4785328913203075,0.005253108012080164,-5.248935375241855,1615.9196000080556,
error_mitigation,Probabilistic Error Cancellation,FakeBrisbane,PEC_8q,qiskit_l3,ok,8,185,226,0,0,60,10.859999999999998,0.7256666911766579,0.01630361285848547,0.4065931501762328,0.004810399004770491,-5.336975245130153,10.798299917951226,
error_mitigation,Probabilistic Error Cancellation,FakeBrisbane,PEC_8q,tket,ok,8,185,49,7,0,31,6.000000000000002,0.797606012409443,0.01630361285848547,0.4301664853624202,0.005593824597452298,-5.186092040172636,323.96099995821714,
error_mitigation,Probabilistic Error Cancellation,FakeBrisbane,PEC_8q,bqskit,ok,8,185,135,23,0,53,10.439999999999998,7.084963808504538e-76,0.01630361285848547,0.29221492624652207,3.3753894298383973e-78,-178.3851265492488,19.196299952454865,
error_mitigation,Randomized Compiling,FakeBrisbane,RC_10q,qade_phase3,ok,10,150,489,0,0,267,56.939999999999976,0.4367752317711315,0.01630361285848547,0.00013708450316561138,9.761807052905798e-07,-13.839618118807955,1803.2517000101507,
error_mitigation,Randomized Compiling,FakeBrisbane,RC_10q,qiskit_l3,ok,10,150,513,0,0,285,57.59999999999999,0.43382930329826336,0.01630361285848547,0.00011257182550927104,7.96218834109894e-07,-14.043391771661359,26.784899993799627,
error_mitigation,Randomized Compiling,FakeBrisbane,RC_10q,tket,ok,10,150,67,40,0,18,11.220000000000002,3.732896432064432e-76,0.01630361285848547,0.306141088022127,1.8631654244831108e-78,-178.9793603711812,1647.4345999304205,
error_mitigation,Randomized Compiling,FakeBrisbane,RC_10q,bqskit,ok,10,150,399,86,0,207,61.980000000000054,0.40566723375762875,0.01630361285848547,7.111651700472065e-05,4.7035337353215923e-07,-14.569781566167313,32.643400016240776,
controls,QFT,FakeBrisbane,QFT_8q,qade_phase3,ok,8,36,429,0,0,186,34.67999999999999,0.5820524274922273,0.01630361285848547,0.07051474391367343,0.000669153712818546,-7.309496759177849,1728.3565999241546,
controls,QFT,FakeBrisbane,QFT_8q,qiskit_l3,ok,8,36,467,0,0,198,36.24,0.5673831144364985,0.01630361285848547,0.05621879336590364,0.0005200460248312776,-7.561593241014599,16.80430001579225,
controls,QFT,FakeBrisbane,QFT_8q,tket,ok,8,36,77,50,23,49,46.32000000000005,0.3728905916981893,0.01630361285848547,0.020108399316710334,0.00012224828663920736,-9.009456444928714,2021.8368999194354,
controls,QFT,FakeBrisbane,QFT_8q,bqskit,ok,8,36,295,65,0,134,34.98,0.3332975056211397,0.01630361285848547,0.01943634791038086,0.00010561621072268298,-9.155698687842197,27.490800013765693,
controls,QAOA,FakeBrisbane,QAOA_10q,qade_phase3,ok,10,47,149,0,0,77,13.559999999999997,0.7437775359295855,0.01630361285848547,0.4222848455198541,0.005120736252541689,-5.274457050944304,1581.6649999469519,
controls,QAOA,FakeBrisbane,QAOA_10q,qiskit_l3,ok,10,47,148,0,0,76,13.499999999999998,0.7535443615493109,0.01630361285848547,0.2553997544920014,0.0031377125453401493,-5.7642612332840155,10.793099994771183,
controls,QAOA,FakeBrisbane,QAOA_10q,tket,ok,10,47,102,18,0,51,14.819999999999991,0.6718539320270258,0.01630361285848547,0.09884278884660598,0.0010826889587315285,-6.828307555601398,390.9262000815943,
controls,QAOA,FakeBrisbane,QAOA_10q,bqskit,ok,10,47,118,18,0,45,13.62,0.7507691077239069,0.01630361285848547,0.26721204432382145,0.003270741925840623,-5.722738431172033,18.208299996331334,
controls,VQE,FakeBrisbane,VQE_10q,qade_phase3,ok,10,19,97,0,0,41,6.900000000000002,0.8078170804654771,0.01630361285848547,0.6125499563858248,0.00806748931841709,-4.819912958065425,1446.6364999534562,
controls,VQE,FakeBrisbane,VQE_10q,qiskit_l3,ok,10,19,75,0,0,31,6.540000000000001,0.8142113864052253,0.01630361285848547,0.5624073594622198,0.0074657255513686524,-4.897432658960654,11.049599968828261,
controls,VQE,FakeBrisbane,VQE_10q,tket,ok,10,19,39,9,0,12,6.66,0.7718733371603951,0.01630361285848547,0.3316431009418564,0.004173504256124182,-5.478999246876667,293.0125000420958,
controls,VQE,FakeBrisbane,VQE_10q,bqskit,ok,10,19,73,9,0,25,7.080000000000004,7.157405218571193e-16,0.01630361285848547,0.4600652045829794,5.368572815200051e-18,-39.76596957067652,16.60269999410957,
controls,Quantum Volume,FakeBrisbane,QV_10q,qade_phase3,ok,10,25,86,0,0,11,0.8999999999999999,0.8453551463531371,0.01630361285848547,0.8528972726743326,0.011754922784820283,-4.4434831657211395,1547.4199999589473,
controls,Quantum Volume,FakeBrisbane,QV_10q,qiskit_l3,ok,10,25,86,0,0,11,0.8999999999999999,0.8403320247652646,0.01630361285848547,0.8151614763526681,0.011168077421927143,-4.494695800507,130.70910004898906,
controls,Quantum Volume,FakeBrisbane,QV_10q,tket,ok,10,25,65,5,0,7,1.1400000000000003,0.8421257094243398,0.01630361285848547,0.802208005805376,0.011014068474342057,-4.508581871133567,140.13870002236217,
controls,Quantum Volume,FakeBrisbane,QV_10q,bqskit,ok,10,25,89,5,0,11,1.1400000000000003,0.8195678039127903,0.01630361285848547,0.7361438988345139,0.0098362930772632,-4.6216763586850265,137.30439997743815,
controls,GHZ,FakeBrisbane,GHZ_10q,qade_phase3,ok,10,10,80,0,0,31,6.6000000000000005,0.8089925271722773,0.01630361285848547,0.6230153045428934,0.008217260962611838,-4.801518341670182,1483.5503000067547,
controls,GHZ,FakeBrisbane,GHZ_10q,qiskit_l3,ok,10,10,62,0,0,25,6.180000000000001,0.8326112488492119,0.01630361285848547,0.5974435495261592,0.008110040158066182,-4.814652459194303,9.691599989309907,
controls,GHZ,FakeBrisbane,GHZ_10q,tket,ok,10,10,12,9,0,12,6.6000000000000005,0.7767406147195207,0.01630361285848547,0.33635324896526714,0.0042594693312600065,-5.45861069658712,242.1935999300331,
controls,GHZ,FakeBrisbane,GHZ_10q,bqskit,ok,10,10,56,9,0,33,6.960000000000003,0.8099124172847774,0.01630361285848547,0.4263776243932645,0.005630102702029115,-5.179627595073454,16.304399934597313,
quantum_chemistry,UCCSD,FakeTorino,H2_UCCSD_4q,qade_phase3,ok,4,22,71,12,0,34,1.0459999999999998,0.8348811544832122,0.0011085692412215844,0.8209937545226232,0.0007598490689386673,-7.1823907379079515,1634.1752998996526,
quantum_chemistry,UCCSD,FakeTorino,H2_UCCSD_4q,qiskit_l3,ok,4,22,71,12,0,34,1.0459999999999998,0.8348811544832122,0.0011085692412215844,0.8209937545226232,0.0007598490689386673,-7.1823907379079515,10.66889998037368,
quantum_chemistry,UCCSD,FakeTorino,H2_UCCSD_4q,tket,ok,4,22,42,12,0,23,1.5560000000000003,0.8087048057891215,0.0011085692412215844,0.7896131716957654,0.0007078923719969945,-7.2532184927797,191.95810006931424,
quantum_chemistry,UCCSD,FakeTorino,H2_UCCSD_4q,bqskit,ok,4,22,22,12,0,13,1.0599999999999998,0.8193002686988079,0.0011085692412215844,0.8294327752858782,0.0007533332116217667,-7.191002915930092,2381.678199977614,
quantum_chemistry,UCCSD,FakeTorino,LiH_UCCSD_8q,qade_phase3,ok,8,50,162,28,0,36,1.1460000000000001,0.7749679393469823,0.0011085692412215844,0.7731909476984807,0.0006642526888820268,-7.316847925335515,1785.508800065145,
quantum_chemistry,UCCSD,FakeTorino,LiH_UCCSD_8q,qiskit_l3,ok,8,50,162,28,0,36,1.1460000000000001,0.7749679393469823,0.0011085692412215844,0.7731909476984807,0.0006642526888820268,-7.316847925335515,10.856500011868775,
quantum_chemistry,UCCSD,FakeTorino,LiH_UCCSD_8q,tket,ok,8,50,94,28,0,23,1.5560000000000005,0.7432482998433662,0.0011085692412215844,0.7095351523992174,0.0005846159571389627,-7.444555409835221,444.0060999477282,
quantum_chemistry,UCCSD,FakeTorino,LiH_UCCSD_8q,bqskit,ok,8,50,92,28,0,22,1.15,0.761448383956911,0.0011085692412215844,0.7433713611507747,0.0006274933378511541,-7.373777503984968,18.276000046171248,
quantum_chemistry,ADAPT-VQE,FakeTorino,BeH2_ADAPT_10q,qade_phase3,ok,10,58,215,33,0,81,3.3739999999999988,0.744065178014566,0.0011085692412215844,0.648417333739124,0.0005348455916415179,-7.5335324664794046,1727.5781999342144,
quantum_chemistry,ADAPT-VQE,FakeTorino,BeH2_ADAPT_10q,qiskit_l3,ok,10,58,205,31,0,60,2.536,0.7468905558770843,0.0011085692412215844,0.661284017558164,0.0005475298726160929,-7.510093535906185,22.784999920986593,
quantum_chemistry,ADAPT-VQE,FakeTorino,BeH2_ADAPT_10q,tket,ok,10,58,129,27,3,41,2.6879999999999997,0.6825154740378182,0.0011085692412215844,0.6082100026256246,0.0004601812132705011,-7.6838902041634745,1318.2188000064343,
quantum_chemistry,ADAPT-VQE,FakeTorino,BeH2_ADAPT_10q,bqskit,ok,10,58,123,33,0,39,2.3160000000000003,0.7249706643712752,0.0011085692412215844,0.6321491663329478,0.0005080457553491133,-7.584939044856945,24.199499981477857,
quantum_chemistry,Molecular Hamiltonian,FakeTorino,LiH_Hamiltonian_8q,qade_phase3,ok,8,68,107,14,0,29,0.8439999999999999,0.8369567665682657,0.0011085692412215844,0.8037286564229318,0.0007457191610042578,-7.201161488419101,2002.7183999773115,
quantum_chemistry,Molecular Hamiltonian,FakeTorino,LiH_Hamiltonian_8q,qiskit_l3,ok,8,68,107,14,0,29,0.8439999999999999,0.8369567665682657,0.0011085692412215844,0.8037286564229318,0.0007457191610042578,-7.201161488419101,47.74780001025647,
quantum_chemistry,Molecular Hamiltonian,FakeTorino,LiH_Hamiltonian_8q,tket,ok,8,68,95,14,0,27,1.5480000000000003,0.8032134925906027,0.0011085692412215844,0.7590620944620832,0.0006758823789758412,-7.299491492658168,320.3017000341788,
quantum_chemistry,Molecular Hamiltonian,FakeTorino,LiH_Hamiltonian_8q,bqskit,ok,8,68,87,14,0,24,1.042,0.7924503033070898,0.0011085692412215844,0.7685740323335964,0.0006751815515348505,-7.3005289380195935,26.962700067088008,
qml,Data Re-uploading,FakeTorino,Reuploading_8q_l4,qade_phase3,ok,8,96,369,80,0,185,8.145999999999995,0.5805039171517751,0.0011085692412215844,0.24736553429385208,0.00015918684222060198,-8.745431937337717,1930.9621999273077,
qml,Data Re-uploading,FakeTorino,Reuploading_8q_l4,qiskit_l3,ok,8,96,372,80,0,194,8.617999999999999,0.5786854196788375,0.0011085692412215844,0.2276591119433034,0.00014604624723362283,-8.83158722454026,24.947899975813925,
qml,Data Re-uploading,FakeTorino,Reuploading_8q_l4,tket,ok,8,96,133,28,10,38,5.089999999999999,0.1099642648036237,0.0011085692412215844,0.4755498644616728,5.79709558858985e-05,-9.755568433428268,1507.533699972555,
qml,Data Re-uploading,FakeTorino,Reuploading_8q_l4,bqskit,ok,8,96,240,80,0,100,9.372,5.2238630508122865e-121,0.0011085692412215844,0.12025254398519608,6.963841535463776e-125,-285.8824053574243,42.28020005393773,
qml,Variational Classifier,FakeTorino,Classifier_10q_l3,qade_phase3,ok,10,97,212,27,0,28,1.0039999999999998,0.7758123462938186,0.0011085692412215844,0.7727633264560668,0.0006646086881213353,-7.316312129421831,1803.969300002791,
qml,Variational Classifier,FakeTorino,Classifier_10q_l3,qiskit_l3,ok,10,97,212,27,0,28,1.0039999999999998,0.7758123462938186,0.0011085692412215844,0.7727633264560668,0.0006646086881213353,-7.316312129421831,13.865299988538027,
qml,Variational Classifier,FakeTorino,Classifier_10q_l3,tket,ok,10,97,117,27,0,15,1.1460000000000001,0.7415811499120756,0.0011085692412215844,0.7220880273647857,0.0005936242727952135,-7.429263976119595,770.0148000149056,
qml,Variational Classifier,FakeTorino,Classifier_10q_l3,bqskit,ok,10,97,157,27,0,24,1.1800000000000002,0.702277151618245,0.0011085692412215844,0.7443663346219446,0.0005795061996015388,-7.453334197050944,23.501700023189187,
qml,Quantum Kernel,FakeTorino,Kernel_8q_l2,qade_phase3,ok,8,86,273,52,0,99,3.209999999999999,0.6997192177377568,0.0011085692412215844,0.6946145977045517,0.0005388036539533087,-7.526159331800525,1871.396999922581,
qml,Quantum Kernel,FakeTorino,Kernel_8q_l2,qiskit_l3,ok,8,86,291,64,0,139,4.569999999999998,0.6558317836232713,0.0011085692412215844,0.5540949443775948,0.0004028463861582257,-7.816955244469588,17.014399985782802,
qml,Quantum Kernel,FakeTorino,Kernel_8q_l2,tket,ok,8,86,149,47,11,73,6.303999999999994,0.5114359453267988,0.0011085692412215844,0.46236302960270687,0.00026214234097101264,-8.246622915580764,1146.1099999723956,
qml,Quantum Kernel,FakeTorino,Kernel_8q_l2,bqskit,ok,8,86,194,56,0,63,3.607999999999998,0.6156902734323191,0.0011085692412215844,0.6085778472903068,0.00041537586311500487,-7.7863267533741185,25.43019992299378,
qml,Feature Map,FakeTorino,FeatureMap_12q_r2,qade_phase3,ok,12,70,82,22,0,18,1.2740000000000002,0.7957996078780197,0.0011085692412215844,0.7453541623138167,0.0006575506723925452,-7.326988728604326,1686.0583999659866,
qml,Feature Map,FakeTorino,FeatureMap_12q_r2,qiskit_l3,ok,12,70,82,22,0,18,1.2740000000000002,0.7957996078780197,0.0011085692412215844,0.7453541623138167,0.0006575506723925452,-7.326988728604326,12.085100053809583,
qml,Feature Map,FakeTorino,FeatureMap_12q_r2,tket,ok,12,70,158,53,38,34,6.573999999999992,5e-324,0.0011085692412215844,0.08978799654185413,5e-324,-978.1311266906508,895.8991999970749,
qml,Feature Map,FakeTorino,FeatureMap_12q_r2,bqskit,ok,12,70,189,22,0,58,2.014000000000001,0.7367966486758871,0.0011085692412215844,0.6601424471109149,0.000539197816549994,-7.525428047799461,23.8033999921754,
optimization,MaxCut,FakeTorino,MaxCut_10q_3regular,qade_phase3,ok,10,108,555,121,0,277,10.076000000000011,0.4628562029544277,0.0011085692412215844,0.1803651835966767,9.254684562629386e-05,-9.28779560243977,1846.3317999849096,
optimization,MaxCut,FakeTorino,MaxCut_10q_3regular,qiskit_l3,ok,10,108,588,131,0,332,13.44200000000003,0.4369510472461849,0.0011085692412215844,0.10843220576808416,5.2523529381012095e-05,-9.854249310082821,22.611099993810058,
optimization,MaxCut,FakeTorino,MaxCut_10q_3regular,tket,ok,10,108,245,95,43,146,14.296000000000047,0.025629948294093832,0.0011085692412215844,0.0329127095395856,9.351347404662578e-07,-13.882575210589662,1744.5131000131369,
optimization,MaxCut,FakeTorino,MaxCut_10q_3regular,bqskit,ok,10,108,308,129,0,142,11.596000000000016,5e-324,0.0011085692412215844,0.03974842825588807,5e-324,-1289.3230257415803,28.921900084242225,
optimization,Portfolio,FakeTorino,Portfolio_8q,qade_phase3,ok,8,86,226,32,0,61,1.8280000000000007,0.7672295929547065,0.0011085692412215844,0.7463615969285389,0.0006348007852646066,-7.362199332285995,1719.7925000218675,
optimization,Portfolio,FakeTorino,Portfolio_8q,qiskit_l3,ok,8,86,226,32,0,61,1.8280000000000007,0.7672295929547065,0.0011085692412215844,0.7463615969285389,0.0006348007852646066,-7.362199332285995,13.320300029590726,
optimization,Portfolio,FakeTorino,Portfolio_8q,tket,ok,8,86,149,32,0,47,2.915999999999999,0.7109780594028952,0.0011085692412215844,0.6187597855714148,0.00048768691502767123,-7.625836925569913,593.6185999307781,
optimization,Portfolio,FakeTorino,Portfolio_8q,bqskit,ok,8,86,171,32,0,39,2.2639999999999993,0.7181116596037778,0.0011085692412215844,0.6689559030620329,0.0005325400723580222,-7.537852409957576,20.41080000344664,
optimization,Scheduling,FakeTorino,Scheduling_9q,qade_phase3,ok,9,69,213,28,0,44,1.4280000000000004,0.7759303982383654,0.0011085692412215844,0.7280703041004519,0.0006262661066689157,-7.375735186664132,1684.8065999802202,
optimization,Scheduling,FakeTorino,Scheduling_9q,qiskit_l3,ok,9,69,213,28,0,44,1.4280000000000004,0.7759303982383654,0.0011085692412215844,0.7280703041004519,0.0006262661066689157,-7.375735186664132,21.99010003823787,
optimization,Scheduling,FakeTorino,Scheduling_9q,tket,ok,9,69,133,28,0,34,2.1080000000000005,0.71760026246268,0.0011085692412215844,0.6487835020510452,0.0005161134902275622,-7.569183874364996,468.991499976255,
optimization,Scheduling,FakeTorino,Scheduling_9q,bqskit,ok,9,69,153,28,0,28,1.6920000000000006,5.419785981528921e-301,0.0011085692412215844,0.3283761125597029,1.9729519973681326e-304,-699.3063373732132,19.38379998318851,
optimization,Vehicle Routing,FakeTorino,VRP_10q,qade_phase3,ok,10,84,256,36,0,77,2.4539999999999997,0.7390028414276274,0.0011085692412215844,0.6800706675162823,0.0005571382504043646,-7.492697143441021,1711.7391000501812,
optimization,Vehicle Routing,FakeTorino,VRP_10q,qiskit_l3,ok,10,84,256,36,0,77,2.4539999999999997,0.7390028414276274,0.0011085692412215844,0.6800706675162823,0.0005571382504043646,-7.492697143441021,13.130899984389544,
optimization,Vehicle Routing,FakeTorino,VRP_10q,tket,ok,10,84,168,36,0,54,3.1639999999999984,0.6936316784253719,0.0011085692412215844,0.5727447458587039,0.00044040562519203496,-7.727814380281711,703.5244000144303,
optimization,Vehicle Routing,FakeTorino,VRP_10q,bqskit,ok,10,84,180,36,0,39,2.412,0.6856458795472635,0.0011085692412215844,0.6211289612847142,0.00047211138570135453,-7.658295613563777,19.54240002669394,
optimization,Knapsack,FakeTorino,Knapsack_8q,qade_phase3,ok,8,40,171,31,0,70,2.6979999999999995,0.7636862164448758,0.0011085692412215844,0.6883262270122276,0.0005827363295314986,-7.447775738870971,1670.9120000014082,
optimization,Knapsack,FakeTorino,Knapsack_8q,qiskit_l3,ok,8,40,156,24,0,71,2.454,0.7831448545810538,0.0011085692412215844,0.6696881932515674,0.0005814033977729105,-7.450065725733922,13.2039999589324,
optimization,Knapsack,FakeTorino,Knapsack_8q,tket,ok,8,40,93,15,5,36,2.3799999999999994,0.762986275452695,0.0011085692412215844,0.7221450443881103,0.0006108069719668314,-7.400729570200935,879.3781000422314,
optimization,Knapsack,FakeTorino,Knapsack_8q,bqskit,ok,8,40,111,22,0,39,2.2800000000000002,6.947093341819281e-31,0.0011085692412215844,0.47150500746326657,3.6312175426180126e-34,-76.99832515856902,22.4093000870198,
error_mitigation,Zero Noise Extrapolation,FakeTorino,ZNE_QAOA_8q,qade_phase3,ok,8,93,125,14,0,62,1.9040000000000006,0.8190363456826663,0.0011085692412215844,0.7603406039111765,0.0006903577144187896,-7.2783006680157625,1658.565399935469,
error_mitigation,Zero Noise Extrapolation,FakeTorino,ZNE_QAOA_8q,qiskit_l3,ok,8,93,125,14,0,62,1.9040000000000006,0.8190363456826663,0.0011085692412215844,0.7603406039111765,0.0006903577144187896,-7.2783006680157625,11.815299978479743,
error_mitigation,Zero Noise Extrapolation,FakeTorino,ZNE_QAOA_8q,tket,ok,8,93,80,14,0,41,2.4199999999999995,0.797349689667142,0.0011085692412215844,0.6716715139938187,0.0005937020983138839,-7.429132882393934,325.05320000927895,
error_mitigation,Zero Noise Extrapolation,FakeTorino,ZNE_QAOA_8q,bqskit,ok,8,93,84,14,0,29,2.0040000000000004,0.7978551515022755,0.0011085692412215844,0.7340076732574408,0.000649213403875656,-7.339749075778421,17.877800040878356,
error_mitigation,Probabilistic Error Cancellation,FakeTorino,PEC_8q,qade_phase3,ok,8,185,7,7,0,7,0.532,0.8536941249144275,0.0011085692412215844,0.8289034995580626,0.0007844569050374285,-7.150518920330745,1678.109799977392,
error_mitigation,Probabilistic Error Cancellation,FakeTorino,PEC_8q,qiskit_l3,ok,8,185,7,7,0,7,0.532,0.8536941249144275,0.0011085692412215844,0.8289034995580626,0.0007844569050374285,-7.150518920330745,10.44540002476424,
error_mitigation,Probabilistic Error Cancellation,FakeTorino,PEC_8q,tket,ok,8,185,49,7,0,31,1.3360000000000005,0.8343146159534153,0.0011085692412215844,0.7567317014234688,0.0006998977610542426,-7.264576289224829,327.0799000747502,
error_mitigation,Probabilistic Error Cancellation,FakeTorino,PEC_8q,bqskit,ok,8,185,197,35,0,59,2.524,5.7407292167034764e-151,0.0011085692412215844,0.50557390941592,3.2174702521997064e-154,-353.4295089062632,20.497099962085485,
error_mitigation,Randomized Compiling,FakeTorino,RC_10q,qade_phase3,ok,10,150,297,83,0,172,8.121999999999998,0.5645938901595049,0.0011085692412215844,0.23738314094187,0.00014857607126607928,-8.814413466466103,1759.5311000477523,
error_mitigation,Randomized Compiling,FakeTorino,RC_10q,qiskit_l3,ok,10,150,297,83,0,171,8.121999999999998,0.5646997781874507,0.0011085692412215844,0.2423836125050601,0.00015173427552455979,-8.793379754319156,23.688300047069788,
error_mitigation,Randomized Compiling,FakeTorino,RC_10q,tket,ok,10,150,69,42,1,17,2.2600000000000002,0.6741533151290992,0.0011085692412215844,0.6358198089752397,0.0004751771550817742,-7.651822865394312,1641.606600023806,
error_mitigation,Randomized Compiling,FakeTorino,RC_10q,bqskit,ok,10,150,183,83,0,93,9.716000000000006,0.512724353886756,0.0011085692412215844,0.13703572705596137,7.788979828567888e-05,-9.460215572768998,32.27039997000247,
controls,QFT,FakeTorino,QFT_8q,qade_phase3,ok,8,36,221,59,0,86,4.179999999999999,0.6771232693092735,0.0011085692412215844,0.5913542375814588,0.0004438929792630496,-7.719927062282138,1690.6013999832794,
controls,QFT,FakeTorino,QFT_8q,qiskit_l3,ok,8,36,246,77,0,140,7.427999999999991,0.6342082922075335,0.0011085692412215844,0.46303764063373287,0.00032554500560670553,-8.030009839800694,15.985699952580035,
controls,QFT,FakeTorino,QFT_8q,tket,ok,8,36,76,49,23,43,8.349999999999996,0.43110113621587925,0.0011085692412215844,0.4044477084257283,0.0001932877679246023,-8.551330454018165,1898.1945000123233,
controls,QFT,FakeTorino,QFT_8q,bqskit,ok,8,36,216,63,0,85,5.8299999999999965,0.6359744082431913,0.0011085692412215844,0.5648895113175167,0.00039825934504298364,-7.828407144181415,25.45539999846369,
controls,QAOA,FakeTorino,QAOA_10q,qade_phase3,ok,10,47,158,18,0,69,2.476,0.8028246234568379,0.0011085692412215844,0.7087459430503957,0.0006307744514125827,-7.368562205578013,1633.8504999876022,
controls,QAOA,FakeTorino,QAOA_10q,qiskit_l3,ok,10,47,158,18,0,69,2.476,0.8028246234568379,0.0011085692412215844,0.7087459430503957,0.0006307744514125827,-7.368562205578013,11.942399898543954,
controls,QAOA,FakeTorino,QAOA_10q,tket,ok,10,47,102,18,0,51,3.0999999999999988,0.776403040914559,0.0011085692412215844,0.606000887168413,0.0005215828607317374,-7.558642406918278,415.259400033392,
controls,QAOA,FakeTorino,QAOA_10q,bqskit,ok,10,47,106,18,0,35,2.468,0.7750254593278448,0.0011085692412215844,0.6531858659173917,0.0005611972989555422,-7.485438022727696,20.138799911364913,
controls,VQE,FakeTorino,VQE_10q,qade_phase3,ok,10,19,67,9,0,40,1.0379999999999998,0.8399184465312775,0.0011085692412215844,0.7950379321396951,0.000740265984101988,-7.208500998372753,1720.3886000206694,
controls,VQE,FakeTorino,VQE_10q,qiskit_l3,ok,10,19,67,9,0,40,1.0379999999999998,0.8399184465312775,0.0011085692412215844,0.7950379321396951,0.000740265984101988,-7.208500998372753,10.781300021335483,
controls,VQE,FakeTorino,VQE_10q,tket,ok,10,19,39,9,0,12,1.168,0.8269298398240388,0.0011085692412215844,0.7556189986986256,0.0006926827254020827,-7.274938491312095,298.75009995885193,
controls,VQE,FakeTorino,VQE_10q,bqskit,ok,10,19,49,9,0,13,1.1,7.497997255597847e-46,0.0011085692412215844,0.7277901076312344,6.0494271297358636e-49,-111.02670597844866,18.35280004888773,
controls,Quantum Volume,FakeTorino,QV_10q,qade_phase3,ok,10,25,75,5,0,9,0.26399999999999996,0.8551486597040892,0.0011085692412215844,0.8368007539602438,0.0007932800026339262,-7.13933430579715,1752.2188000148162,
controls,Quantum Volume,FakeTorino,QV_10q,qiskit_l3,ok,10,25,75,5,0,9,0.26399999999999996,0.8551486597040892,0.0011085692412215844,0.8368007539602438,0.0007932800026339262,-7.13933430579715,156.7569999024272,
controls,Quantum Volume,FakeTorino,QV_10q,tket,ok,10,25,65,5,0,7,0.328,0.7581921715089023,0.0011085692412215844,0.6839379613408216,0.0005748556838428966,-7.461391533289884,145.94099996611476,
controls,Quantum Volume,FakeTorino,QV_10q,bqskit,ok,10,25,91,5,0,11,0.36200000000000004,0.8351972920995852,0.0011085692412215844,0.8124394577346333,0.0007522165935420695,-7.19248625215797,170.51259998697788,
controls,GHZ,FakeTorino,GHZ_10q,qade_phase3,ok,10,10,57,9,0,30,1.006,0.8419330341754471,0.0011085692412215844,0.7982302960230746,0.0007450211144899069,-7.2020979983891396,1620.8628000458702,
controls,GHZ,FakeTorino,GHZ_10q,qiskit_l3,ok,10,10,57,9,0,30,1.006,0.8419330341754471,0.0011085692412215844,0.7982302960230746,0.0007450211144899069,-7.2020979983891396,10.680399951525033,
controls,GHZ,FakeTorino,GHZ_10q,tket,ok,10,10,12,9,0,12,1.136,0.8315390899692321,0.0011085692412215844,0.7598454842857636,0.0007004397446217524,-7.2638022135575335,240.8194999443367,
controls,GHZ,FakeTorino,GHZ_10q,bqskit,ok,10,10,12,9,0,12,1.0699999999999998,0.7980028254055889,0.0011085692412215844,0.7392586048297347,0.0006539787572714089,-7.33243568827098,16.71829994302243,
quantum_chemistry,UCCSD,FakeFez,H2_UCCSD_4q,qade_phase3,ok,4,22,71,12,0,36,1.0919999999999999,0.8190833159766127,0.12255345342375425,0.7701796220888054,0.077311777274064,-2.5599089769854735,2511.694599990733,
quantum_chemistry,UCCSD,FakeFez,H2_UCCSD_4q,qiskit_l3,ok,4,22,71,12,0,36,1.0919999999999999,0.8190833159766127,0.12255345342375425,0.7701796220888054,0.077311777274064,-2.5599089769854735,10.57549996767193,
quantum_chemistry,UCCSD,FakeFez,H2_UCCSD_4q,tket,ok,4,22,42,12,0,23,1.1799999999999997,0.7744736684143598,0.12255345342375425,0.7045275228072907,0.06686982306824876,-2.7050074888260047,207.07849995233119,
quantum_chemistry,UCCSD,FakeFez,H2_UCCSD_4q,bqskit,ok,4,22,22,12,0,13,1.0879999999999999,0.787114584173724,0.12255345342375425,0.7557314718511324,0.07290058636643441,-2.6186585965645586,6403.935700072907,
quantum_chemistry,UCCSD,FakeFez,LiH_UCCSD_8q,qade_phase3,ok,8,50,162,28,0,36,1.0919999999999999,0.7694354132557848,0.12255345342375425,0.7107343411540631,0.06702009277116217,-2.7027628124429226,2553.572900011204,
quantum_chemistry,UCCSD,FakeFez,LiH_UCCSD_8q,qiskit_l3,ok,8,50,162,28,0,36,1.0919999999999999,0.7694354132557848,0.12255345342375425,0.7107343411540631,0.06702009277116217,-2.7027628124429226,12.163300067186356,
quantum_chemistry,UCCSD,FakeFez,LiH_UCCSD_8q,tket,ok,8,50,94,28,0,23,1.1799999999999997,0.6907159856488677,0.12255345342375425,0.5790077238700106,0.04901278923158889,-3.0156740102010144,450.00059995800257,
quantum_chemistry,UCCSD,FakeFez,LiH_UCCSD_8q,bqskit,ok,8,50,92,28,0,22,1.1879999999999997,0.7527875729276612,0.12255345342375425,0.6725841496338445,0.06205040538786335,-2.7798082341076835,19.63260001502931,
quantum_chemistry,ADAPT-VQE,FakeFez,BeH2_ADAPT_10q,qade_phase3,ok,10,58,206,33,0,63,2.319999999999999,0.7444686587000793,0.12255345342375425,0.6125386792689016,0.05588631710567452,-2.8844357032792334,2631.4381000120193,
quantum_chemistry,ADAPT-VQE,FakeFez,BeH2_ADAPT_10q,qiskit_l3,ok,10,58,214,36,0,80,2.943999999999999,0.7355572983032057,0.12255345342375425,0.5110301656348252,0.046066858790910034,-3.0776614857556917,14.99990001320839,
quantum_chemistry,ADAPT-VQE,FakeFez,BeH2_ADAPT_10q,tket,ok,10,58,131,29,5,44,3.053999999999999,6.732648133519774e-61,0.12255345342375425,0.47978546807481914,3.958754418537167e-62,-141.3843463306162,953.5111000295728,
quantum_chemistry,ADAPT-VQE,FakeFez,BeH2_ADAPT_10q,bqskit,ok,10,58,136,37,0,46,2.3559999999999985,0.6574735375371933,0.12255345342375425,0.5327868708800518,0.042929649796515534,-3.1481925543257487,23.971299990080297,
quantum_chemistry,Molecular Hamiltonian,FakeFez,LiH_Hamiltonian_8q,qade_phase3,ok,8,68,106,14,0,29,0.8220000000000001,0.8165821064046281,0.12255345342375425,0.7310438064766335,0.07315917760348507,-2.6151176965903806,2718.2436999864876,
quantum_chemistry,Molecular Hamiltonian,FakeFez,LiH_Hamiltonian_8q,qiskit_l3,ok,8,68,106,14,0,29,0.8220000000000001,0.8165821064046281,0.12255345342375425,0.7310438064766335,0.07315917760348507,-2.6151176965903806,134.30240005254745,
quantum_chemistry,Molecular Hamiltonian,FakeFez,LiH_Hamiltonian_8q,tket,ok,8,68,95,14,0,27,1.1119999999999997,8.090710937531838e-31,0.12255345342375425,0.673067108196594,6.673760337178883e-32,-71.78453950604731,329.8386000096798,
quantum_chemistry,Molecular Hamiltonian,FakeFez,LiH_Hamiltonian_8q,bqskit,ok,8,68,89,14,0,23,0.9179999999999998,0.7666798889912115,0.12255345342375425,0.7397087544184188,0.06950249314747305,-2.6663926544292864,28.130899998359382,
qml,Data Re-uploading,FakeFez,Reuploading_8q_l4,qade_phase3,ok,8,96,578,128,0,246,10.670000000000007,0.38745884967122896,0.12255345342375425,0.27460912959069295,0.013039655269156153,-4.339760159247484,3016.5798999369144,
qml,Data Re-uploading,FakeFez,Reuploading_8q_l4,qiskit_l3,ok,8,96,371,80,0,193,8.698000000000013,0.6172792007407042,0.12255345342375425,0.10005292393371891,0.00756897345733384,-4.883697827421218,26.601399993523955,
qml,Data Re-uploading,FakeFez,Reuploading_8q_l4,tket,ok,8,96,133,28,10,38,4.7740000000000045,6.435078541940407e-31,0.12255345342375425,0.33215115625145925,2.619480526903166e-32,-72.71974694986935,1441.3352999836206,
qml,Data Re-uploading,FakeFez,Reuploading_8q_l4,bqskit,ok,8,96,240,80,0,100,8.908000000000014,0.5890695651408316,0.12255345342375425,0.03729943653445454,0.0026927399269117093,-5.917196043558622,37.991899996995926,
qml,Variational Classifier,FakeFez,Classifier_10q_l3,qade_phase3,ok,10,97,212,27,0,28,0.7699999999999998,0.7771720967166444,0.12255345342375425,0.6867913366619052,0.065413526267814,-2.727026218237169,2559.458200004883,
qml,Variational Classifier,FakeFez,Classifier_10q_l3,qiskit_l3,ok,10,97,212,27,0,28,0.7699999999999998,0.7771720967166444,0.12255345342375425,0.6867913366619052,0.065413526267814,-2.727026218237169,14.031800092197955,
qml,Variational Classifier,FakeFez,Classifier_10q_l3,tket,ok,10,97,117,27,0,15,0.868,0.7103963511227614,0.12255345342375425,0.6165873637273384,0.053681036878407966,-2.9246954705885697,737.0955999940634,
qml,Variational Classifier,FakeFez,Classifier_10q_l3,bqskit,ok,10,97,156,27,0,21,0.9179999999999999,7.460680431479926e-136,0.12255345342375425,0.6640955056919781,6.072038726993837e-137,-313.65046332214786,23.436599993146956,
qml,Quantum Kernel,FakeFez,Kernel_8q_l2,qade_phase3,ok,8,86,277,52,0,103,3.4419999999999993,0.6953731341435647,0.12255345342375425,0.5557415713443091,0.04736050734012636,-3.0499665760455557,2633.7134999921545,
qml,Quantum Kernel,FakeFez,Kernel_8q_l2,qiskit_l3,ok,8,86,292,59,0,151,5.442000000000007,0.6733440102155139,0.12255345342375425,0.3681419083243498,0.030379303601098806,-3.493993705016718,15.189899946562946,
qml,Quantum Kernel,FakeFez,Kernel_8q_l2,tket,ok,8,86,149,47,11,73,5.528000000000008,5.754916225680395e-121,0.12255345342375425,0.2830483854183398,1.9962974020977367e-122,-280.2240871794366,1136.4619000814855,
qml,Quantum Kernel,FakeFez,Kernel_8q_l2,bqskit,ok,8,86,142,59,0,74,5.444000000000008,0.39878686703702104,0.12255345342375425,0.25876951424489497,0.012646766840529013,-4.370353682205138,24.908500025048852,
qml,Feature Map,FakeFez,FeatureMap_12q_r2,qade_phase3,ok,12,70,82,22,0,18,1.1399999999999997,0.7888250271224034,0.12255345342375425,0.6533119328057213,0.06315777553952484,-2.7621193096651235,2713.963899994269,
qml,Feature Map,FakeFez,FeatureMap_12q_r2,qiskit_l3,ok,12,70,82,22,0,18,1.1399999999999997,0.7888250271224034,0.12255345342375425,0.6533119328057213,0.06315777553952484,-2.7621193096651235,14.563000062480569,
qml,Feature Map,FakeFez,FeatureMap_12q_r2,tket,ok,12,70,142,37,23,27,4.480000000000003,0.5771664340476812,0.12255345342375425,0.25604179755592915,0.01811079385880199,-4.011247172663682,910.0664999568835,
qml,Feature Map,FakeFez,FeatureMap_12q_r2,bqskit,ok,12,70,189,22,0,58,1.8159999999999983,0.7357379277892068,0.12255345342375425,0.6382478287250114,0.05754903485425614,-2.8551179145151484,23.409000015817583,
optimization,MaxCut,FakeFez,MaxCut_10q_3regular,qade_phase3,ok,10,108,152,96,44,99,12.477999999999998,0.2575902874408535,0.12255345342375425,0.11239905277904344,0.0035482784102587833,-5.641292747980131,2733.2647000439465,
optimization,MaxCut,FakeFez,MaxCut_10q_3regular,qiskit_l3,ok,10,108,554,121,0,277,10.552000000000007,0.5240761081155426,0.12255345342375425,0.06309369146478766,0.004052339778379929,-5.508460841624635,21.050199982710183,
optimization,MaxCut,FakeFez,MaxCut_10q_3regular,tket,ok,10,108,243,93,41,143,14.418,0.2539383542236233,0.12255345342375425,0.002286454520361207,7.115680204030008e-05,-9.550624636588237,1680.274699931033,
optimization,MaxCut,FakeFez,MaxCut_10q_3regular,bqskit,ok,10,108,295,128,0,148,11.414,0.3991358818573243,0.12255345342375425,0.022783638305238732,0.0011144726199540473,-6.799373972551794,30.036999960429966,
optimization,Portfolio,FakeFez,Portfolio_8q,qade_phase3,ok,8,86,224,32,0,62,1.9379999999999986,0.7545321222598679,0.12255345342375425,0.6733016521306011,0.06226055207287603,-2.776427246791862,2714.8941999766976,
optimization,Portfolio,FakeFez,Portfolio_8q,qiskit_l3,ok,8,86,224,32,0,62,1.9379999999999986,0.7545321222598679,0.12255345342375425,0.6733016521306011,0.06226055207287603,-2.776427246791862,14.577400055713952,
optimization,Portfolio,FakeFez,Portfolio_8q,tket,ok,8,86,149,32,0,47,2.2639999999999985,0.6693528465570936,0.12255345342375425,0.5345462289662016,0.04384963053407971,-3.1269889858760727,597.1801999257877,
optimization,Portfolio,FakeFez,Portfolio_8q,bqskit,ok,8,86,171,32,0,39,1.9419999999999986,6.753624924919449e-91,0.12255345342375425,0.5931789595661756,4.909623954668825e-92,-210.24663120422258,22.682699956931174,
optimization,Scheduling,FakeFez,Scheduling_9q,qade_phase3,ok,9,69,213,28,0,47,1.5019999999999991,0.7621103159581736,0.12255345342375425,0.6600928377746974,0.06165217671158967,-2.7862467424267168,2619.2366000032052,
optimization,Scheduling,FakeFez,Scheduling_9q,qiskit_l3,ok,9,69,213,28,0,47,1.5019999999999991,0.7621103159581736,0.12255345342375425,0.6600928377746974,0.06165217671158967,-2.7862467424267168,37.31589997187257,
optimization,Scheduling,FakeFez,Scheduling_9q,tket,ok,9,69,133,28,0,34,1.6619999999999986,0.7092858773551114,0.12255345342375425,0.5831640714638181,0.05069178985040799,-2.98199131738742,492.69960005767643,
optimization,Scheduling,FakeFez,Scheduling_9q,bqskit,ok,9,69,153,28,0,28,1.479999999999999,0.6137256355938767,0.12255345342375425,0.45625933065561736,0.034317178766888966,-3.3721092115032665,22.65970001462847,
optimization,Vehicle Routing,FakeFez,VRP_10q,qade_phase3,ok,10,84,253,36,0,73,2.4199999999999995,0.7322262213956473,0.12255345342375425,0.5246853486939492,0.04708361154499781,-3.0558302887208466,2633.464000071399,
optimization,Vehicle Routing,FakeFez,VRP_10q,qiskit_l3,ok,10,84,253,36,0,73,2.4199999999999995,0.7322262213956473,0.12255345342375425,0.5246853486939492,0.04708361154499781,-3.0558302887208466,14.6559999557212,
optimization,Vehicle Routing,FakeFez,VRP_10q,tket,ok,10,84,168,36,0,54,2.7879999999999994,0.6491133070763564,0.12255345342375425,0.3927241376534787,0.031241628289197455,-3.4660038334356154,706.8912000395358,
optimization,Vehicle Routing,FakeFez,VRP_10q,bqskit,ok,10,84,180,36,0,39,2.3739999999999988,0.7098328211108247,0.12255345342375425,0.5627930629612268,0.04895875503310121,-3.0167770693468516,22.10980001837015,
optimization,Knapsack,FakeFez,Knapsack_8q,qade_phase3,ok,8,40,153,24,0,68,2.2699999999999987,0.7782494169905968,0.12255345342375425,0.5778648126060694,0.05511510103658759,-2.898331534372719,2558.9335000840947,
optimization,Knapsack,FakeFez,Knapsack_8q,qiskit_l3,ok,8,40,173,30,0,75,2.4859999999999998,0.7635618439153413,0.12255345342375425,0.5678499127456739,0.05313777128053737,-2.934867280054323,14.815200003795326,
optimization,Knapsack,FakeFez,Knapsack_8q,tket,ok,8,40,93,15,5,36,2.223999999999999,7.555721697604653e-121,0.12255345342375425,0.6156272221862841,5.70058364163934e-122,-279.17481278240484,916.1470999242738,
optimization,Knapsack,FakeFez,Knapsack_8q,bqskit,ok,8,40,111,26,0,43,2.417999999999999,0.7572604736953346,0.12255345342375425,0.5648568931328484,0.05242147968233988,-2.948438854046502,23.94440001808107,
error_mitigation,Zero Noise Extrapolation,FakeFez,ZNE_QAOA_8q,qade_phase3,ok,8,93,126,14,0,61,1.983999999999999,0.8043740613810104,0.12255345342375425,0.6781646775473699,0.06685267304539197,-2.7052639905134432,2573.2728000730276,
error_mitigation,Zero Noise Extrapolation,FakeFez,ZNE_QAOA_8q,qiskit_l3,ok,8,93,126,14,0,61,1.983999999999999,0.8043740613810104,0.12255345342375425,0.6781646775473699,0.06685267304539197,-2.7052639905134432,12.447500019334257,
error_mitigation,Zero Noise Extrapolation,FakeFez,ZNE_QAOA_8q,tket,ok,8,93,80,14,0,41,2.163999999999999,0.7572068959062533,0.12255345342375425,0.5523109955600182,0.05125353253288765,-2.97097073586803,338.8289000140503,
error_mitigation,Zero Noise Extrapolation,FakeFez,ZNE_QAOA_8q,bqskit,ok,8,93,84,14,0,29,1.8419999999999987,0.7847914144923012,0.12255345342375425,0.5960921185872238,0.057331483109963645,-2.858905362695368,20.707400050014257,
error_mitigation,Probabilistic Error Cancellation,FakeFez,PEC_8q,qade_phase3,ok,8,185,7,7,0,7,0.588,0.8360828709306527,0.12255345342375425,0.7713933439642782,0.07904069802016579,-2.537792394354726,2640.2175000403076,
error_mitigation,Probabilistic Error Cancellation,FakeFez,PEC_8q,qiskit_l3,ok,8,185,7,7,0,7,0.588,0.8360828709306527,0.12255345342375425,0.7713933439642782,0.07904069802016579,-2.537792394354726,11.242300039157271,
error_mitigation,Probabilistic Error Cancellation,FakeFez,PEC_8q,tket,ok,8,185,49,7,0,31,1.1639999999999993,0.8025912769508078,0.12255345342375425,0.6688388840302419,0.06578721514126525,-2.721329758294282,341.4571000030264,
error_mitigation,Probabilistic Error Cancellation,FakeFez,PEC_8q,bqskit,ok,8,185,197,35,0,59,2.0319999999999983,6.669289203111475e-76,0.12255345342375425,0.6261062882673532,5.117444833732593e-77,-175.66639690197155,23.49529997445643,
error_mitigation,Randomized Compiling,FakeFez,RC_10q,qade_phase3,ok,10,150,286,80,0,171,8.550000000000013,0.6117070928163605,0.12255345342375425,0.09610884206866713,0.007204973947423132,-4.9329836654395995,2787.857300019823,
error_mitigation,Randomized Compiling,FakeFez,RC_10q,qiskit_l3,ok,10,150,296,83,0,171,8.550000000000013,0.60632822878044,0.12255345342375425,0.09610884206866713,0.007141619156052142,-4.941815755783331,26.951399981044233,
error_mitigation,Randomized Compiling,FakeFez,RC_10q,tket,ok,10,150,69,42,1,17,1.635999999999999,6.987299114917679e-76,0.12255345342375425,0.5448069311960556,4.665277837457475e-77,-175.758904770147,1749.4909999659285,
error_mitigation,Randomized Compiling,FakeFez,RC_10q,bqskit,ok,10,150,183,83,0,90,8.786000000000012,5.810861772787559e-76,0.12255345342375425,0.07065195867819764,5.031416905447649e-78,-177.9859356181475,37.666100077331066,
controls,QFT,FakeFez,QFT_8q,qade_phase3,ok,8,36,222,57,0,87,3.9280000000000004,0.6931258909494245,0.12255345342375425,0.4911628243308033,0.0417218121604496,-3.1767312135405046,2589.8661999963224,
controls,QFT,FakeFez,QFT_8q,qiskit_l3,ok,8,36,230,73,0,107,5.284000000000007,0.6556893934932688,0.12255345342375425,0.34745844727649394,0.027920718290025712,-3.578386274698773,16.550199943594635,
controls,QFT,FakeFez,QFT_8q,tket,ok,8,36,74,47,22,43,7.376000000000016,3.8365729586892177e-121,0.12255345342375425,0.3060098851152925,1.4388133904782029e-122,-280.55156260577877,2113.390399958007,
controls,QFT,FakeFez,QFT_8q,bqskit,ok,8,36,234,80,0,120,6.952000000000016,0.6216231200846275,0.12255345342375425,0.21428165125311321,0.016324417632896247,-4.11509327778543,28.32229994237423,
controls,QAOA,FakeFez,QAOA_10q,qade_phase3,ok,10,47,47,18,0,29,2.325999999999999,0.7293922194953326,0.12255345342375425,0.6440389035490282,0.057570338367496074,-2.8547478028147992,2544.1974999848753,
controls,QAOA,FakeFez,QAOA_10q,qiskit_l3,ok,10,47,159,18,0,72,2.515999999999999,0.7884816713936716,0.12255345342375425,0.5520836745790892,0.05334848135937978,-2.930909767255652,13.243100023828447,
controls,QAOA,FakeFez,QAOA_10q,tket,ok,10,47,102,18,0,51,2.7399999999999998,0.7407182610632242,0.12255345342375425,0.47595267058015506,0.043205832061652696,-3.1417797914167993,418.22039999533445,
controls,QAOA,FakeFez,QAOA_10q,bqskit,ok,10,47,106,18,0,35,2.325999999999999,0.7279859228575114,0.12255345342375425,0.6403849900541715,0.05713334862002656,-2.862367293924878,22.27999991737306,
controls,VQE,FakeFez,VQE_10q,qade_phase3,ok,10,19,67,9,0,40,1.0459999999999998,0.7916701941394606,0.12255345342375425,0.7316825695736426,0.07098924499732782,-2.6452268923257862,2519.028199953027,
controls,VQE,FakeFez,VQE_10q,qiskit_l3,ok,10,19,67,9,0,40,1.0459999999999998,0.822875103584482,0.12255345342375425,0.694372353006221,0.07002480324281533,-2.6589057676533314,12.393999961204827,
controls,VQE,FakeFez,VQE_10q,tket,ok,10,19,39,9,0,12,1.0959999999999999,0.7990226827452032,0.12255345342375425,0.6551776736984953,0.06415695622263824,-2.7464227569694373,315.9523999784142,
controls,VQE,FakeFez,VQE_10q,bqskit,ok,10,19,49,9,0,13,1.0959999999999999,0.8049611206043721,0.12255345342375425,0.6446976718410161,0.06359991865101314,-2.755143087708999,20.968200056813657,
controls,Quantum Volume,FakeFez,QV_10q,qade_phase3,ok,10,25,75,5,0,9,0.20600000000000002,0.8436066844181447,0.12255345342375425,0.7899842365326332,0.08167403114415595,-2.505019183895867,2660.3890999685973,
controls,Quantum Volume,FakeFez,QV_10q,qiskit_l3,ok,10,25,75,5,0,9,0.20600000000000002,0.8436066844181447,0.12255345342375425,0.7899842365326332,0.08167403114415595,-2.505019183895867,164.27850001491606,
controls,Quantum Volume,FakeFez,QV_10q,tket,ok,10,25,65,5,0,7,0.28,0.8218042137128195,0.12255345342375425,0.7563318817448195,0.07617392343958282,-2.5747360869364178,164.52899994328618,
controls,Quantum Volume,FakeFez,QV_10q,bqskit,ok,10,25,91,5,0,11,0.30400000000000005,0.8188988999141665,0.12255345342375425,0.7690873509212245,0.07718475145898068,-2.5615533614224333,197.13450002018362,
controls,GHZ,FakeFez,GHZ_10q,qade_phase3,ok,10,10,57,9,0,30,1.022,0.8245277651894067,0.12255345342375425,0.7393279237315864,0.0747081441000503,-2.5941661686890014,2528.2827999908477,
controls,GHZ,FakeFez,GHZ_10q,qiskit_l3,ok,10,10,57,9,0,30,1.022,0.8245277651894067,0.12255345342375425,0.7393279237315864,0.0747081441000503,-2.5941661686890014,12.661200016736984,
controls,GHZ,FakeFez,GHZ_10q,tket,ok,10,10,12,9,0,12,1.0719999999999998,0.8046017802429541,0.12255345342375425,0.6605083418370353,0.06513056561243064,-2.7313613221005557,271.4140999596566,
controls,GHZ,FakeFez,GHZ_10q,bqskit,ok,10,10,12,9,0,12,1.022,8.093163590134225e-16,0.12255345342375425,0.7006382420818844,6.94924640277624e-17,-37.20531335845639,19.4667000323534,
