Time_min,T_CPU_Ctrl,T_CPU_Unctrl,Action,Louver_Eps
0.0,32.402960474267154,32.402960474267154,NOMINAL,0.15
1.0,36.98271349306499,36.98271349306499,NOMINAL,0.15
2.0,40.70281672298021,40.70281672298021,NOMINAL,0.15
3.0,44.334717472913255,44.334717472913255,NOMINAL,0.15
4.0,47.9556500646972,48.12974731584071,ACTIVE LOUVERS,0.85
5.0,51.09723516349408,52.12143311000201,ACTIVE LOUVERS,0.85
6.0,53.97963594246038,56.26054218903928,ACTIVE LOUVERS,0.85
7.0,56.77886683973958,60.47387098445686,ACTIVE LOUVERS,0.85
8.0,59.532660831008194,64.6884471510201,ACTIVE LOUVERS,0.85
9.0,62.21918234130255,68.84028307751369,ACTIVE LOUVERS,0.85
10.0,64.79932230479538,72.87645162587032,ACTIVE LOUVERS,0.85
11.0,67.23397403716135,76.7544735733361,ACTIVE LOUVERS,0.85
12.0,69.48988100323253,80.44079917843551,ACTIVE LOUVERS,0.85
13.0,67.97814741143324,83.90914921107156,CPU THROTTLING,0.15
14.0,68.70029569295396,87.13901566500716,CPU THROTTLING,0.15
15.0,70.49954801134781,90.1144140421407,CPU THROTTLING,0.15
16.0,72.64787532888151,92.82289024124464,CPU THROTTLING,0.15
17.0,74.79157834004018,95.25475137916939,CPU THROTTLING,0.15
18.0,76.76649150302319,97.40248101246792,CPU THROTTLING,0.15
19.0,78.49709387148174,99.26030090692906,CPU THROTTLING,0.15
20.0,79.94863202692625,100.82384702562574,CPU THROTTLING,0.15
21.0,81.1050650208335,102.08993372604364,CPU THROTTLING,0.15
22.0,79.07207553548291,103.05638598100262,EMERGENCY SAFE-MODE,0.85
23.0,79.592471566687,103.7253215382539,CPU THROTTLING,0.15
24.0,79.68761747561011,104.1203484811631,CPU THROTTLING,0.15
25.0,79.72494076616557,104.2889203958418,CPU THROTTLING,0.15
26.0,79.66891288908418,104.28238256421689,CPU THROTTLING,0.15
27.0,79.50575972273866,104.1454307779616,CPU THROTTLING,0.15
28.0,79.24612005239514,103.91403585213658,CPU THROTTLING,0.15
29.0,78.90890057618356,103.61608306830993,CPU THROTTLING,0.15
30.0,78.51331458925434,103.27276226721914,CPU THROTTLING,0.15
31.0,78.07601337669726,102.89998917575603,CPU THROTTLING,0.15
32.0,77.61045683574214,102.50962463543783,CPU THROTTLING,0.15
33.0,77.12713755045692,102.11044832913471,CPU THROTTLING,0.15
34.0,76.63406124686776,101.70891082221749,CPU THROTTLING,0.15
35.0,79.90672547036985,101.30970530867718,NOMINAL,0.15
36.0,77.78545571713511,100.91619948220215,CPU THROTTLING,0.15
37.0,80.26545640603565,100.53076129236099,NOMINAL,0.15
38.0,81.51710097445114,100.15500497832933,NOMINAL,0.15
39.0,82.16922362891408,99.78997737427561,NOMINAL,0.15
40.0,82.51843230455368,99.4362994140969,NOMINAL,0.15
41.0,82.70939888384322,99.09427392072764,NOMINAL,0.15
42.0,82.81465384985194,98.76396791115206,NOMINAL,0.15
43.0,82.87173094297873,98.44527554734842,NOMINAL,0.15
44.0,82.90079555680266,98.1379663203328,NOMINAL,0.15
45.0,82.91314381526098,97.84172191899903,NOMINAL,0.15
46.0,82.91538025605716,97.5561643962914,NOMINAL,0.15
47.0,82.91152397211773,97.28087762151189,NOMINAL,0.15
48.0,82.90410499449906,97.01542354096645,NOMINAL,0.15
49.0,82.89475735182691,96.75935441778039,NOMINAL,0.15
50.0,82.88455389754007,96.51222195537191,NOMINAL,0.15
51.0,82.8742038836649,96.2735840059275,NOMINAL,0.15
52.0,82.86417456365776,96.04300940938212,NOMINAL,0.15
53.0,82.85476888783731,95.82008138823223,NOMINAL,0.15
54.0,82.84617671746803,95.60439983040517,NOMINAL,0.15
55.0,82.83850943128023,95.39558271998625,NOMINAL,0.15
56.0,82.83182376095938,95.19326691907587,NOMINAL,0.15
57.0,82.82613844616594,94.99710845979811,NOMINAL,0.15
58.0,82.82144599706876,94.80678247076209,NOMINAL,0.15
59.0,82.81772106583435,94.6219828349873,NOMINAL,0.15
60.0,82.8149264359603,94.44242165482531,NOMINAL,0.15
61.0,82.81301732018507,94.2678285824919,NOMINAL,0.15
62.0,82.81194444694754,94.09795006149488,NOMINAL,0.15
63.0,82.81165627293352,93.93254851374115,NOMINAL,0.15
64.0,82.81210056144916,93.77140149884028,NOMINAL,0.15
65.0,82.81322549835932,93.61430086562213,NOMINAL,0.15
66.0,82.81498046955015,93.46105191078333,NOMINAL,0.15
67.0,82.81731659000316,93.31147255558355,NOMINAL,0.15
68.0,82.82359614540482,93.16879983707523,NOMINAL,0.15
69.0,79.08876803338879,93.05715162867978,CPU THROTTLING,0.15
70.0,77.05529359505051,93.02414533275636,CPU THROTTLING,0.15
71.0,75.94660392843782,93.1206898802616,CPU THROTTLING,0.15
72.0,75.41579767633937,93.38979863477593,CPU THROTTLING,0.15
73.0,75.30619590510753,93.86390787606368,CPU THROTTLING,0.15
74.0,75.54593533375642,94.56508546427703,CPU THROTTLING,0.15
75.0,76.09992364764041,95.5061724549165,CPU THROTTLING,0.15
76.0,76.9478621787221,96.6921118544035,CPU THROTTLING,0.15
77.0,78.0742901580514,98.12120137218744,CPU THROTTLING,0.15
78.0,79.46420030012473,99.78620157892692,CPU THROTTLING,0.15
79.0,78.21814750845931,101.6753030516237,EMERGENCY SAFE-MODE,0.85
80.0,80.06322294997598,103.77297681164843,CPU THROTTLING,0.15
81.0,79.08485810756709,106.06073272771603,EMERGENCY SAFE-MODE,0.85
82.0,78.4654874474861,108.51780409897866,EMERGENCY SAFE-MODE,0.85
83.0,77.9837672318318,111.12176912354349,EMERGENCY SAFE-MODE,0.85
84.0,77.7104304113591,113.84911372435982,EMERGENCY SAFE-MODE,0.85
85.0,77.66019530811069,116.67573602532535,EMERGENCY SAFE-MODE,0.85
86.0,77.81386981277359,119.57739069092814,EMERGENCY SAFE-MODE,0.85
87.0,78.13993341080949,122.5300710448122,EMERGENCY SAFE-MODE,0.85
88.0,78.6042569296295,125.51032787661656,EMERGENCY SAFE-MODE,0.85
89.0,79.1739041574148,128.4955255937107,EMERGENCY SAFE-MODE,0.85
90.0,79.81840087596692,131.4640383767855,EMERGENCY SAFE-MODE,0.85
91.0,80.50998802848713,134.39539085860756,EMERGENCY SAFE-MODE,0.85
92.0,81.22350263539447,137.27034929882612,EMERGENCY SAFE-MODE,0.85
93.0,81.93614785918089,140.070970144544,EMERGENCY SAFE-MODE,0.85
94.0,82.62725104976786,142.78061323150223,EMERGENCY SAFE-MODE,0.85
95.0,83.27804191402393,145.38392676175778,EMERGENCY SAFE-MODE,0.85
96.0,83.87145727835566,147.86681070492114,EMERGENCY SAFE-MODE,0.85
97.0,84.39197024326116,150.21636454070114,EMERGENCY SAFE-MODE,0.85
98.0,84.82543952934408,152.42082441178312,EMERGENCY SAFE-MODE,0.85
99.0,85.15897515616763,154.46949388696675,EMERGENCY SAFE-MODE,0.85
100.0,85.38081755019188,156.352671716389,EMERGENCY SAFE-MODE,0.85
101.0,85.48022811848017,158.0615792378094,EMERGENCY SAFE-MODE,0.85
102.0,85.44739007059465,159.58828948660516,EMERGENCY SAFE-MODE,0.85
103.0,85.27331880942089,160.92565957626488,EMERGENCY SAFE-MODE,0.85
104.0,84.94978158194257,162.0672675431067,EMERGENCY SAFE-MODE,0.85
105.0,84.46922632988156,163.00735457428064,EMERGENCY SAFE-MODE,0.85
106.0,83.82471984640402,163.74077334439414,EMERGENCY SAFE-MODE,0.85
107.0,83.0098954563271,164.26294305530732,EMERGENCY SAFE-MODE,0.85
108.0,82.01891051060002,164.56981168863425,EMERGENCY SAFE-MODE,0.85
109.0,80.84641403002648,164.6578259256522,EMERGENCY SAFE-MODE,0.85
110.0,79.48752485054021,164.52390915069515,EMERGENCY SAFE-MODE,0.85
111.0,80.79361519415201,164.165447919245,CPU THROTTLING,0.15
112.0,78.9713415056739,163.5802872295884,EMERGENCY SAFE-MODE,0.85
113.0,79.93130064325538,162.77011897980572,CPU THROTTLING,0.15
114.0,80.52089331007778,161.75749499244282,CPU THROTTLING,0.15
115.0,81.02654292519033,160.58772354776895,CPU THROTTLING,0.15
116.0,81.38639592795116,159.30881174355093,CPU THROTTLING,0.15
117.0,81.58299523956246,157.96128915401718,CPU THROTTLING,0.15
118.0,81.63157053234424,156.5765672111085,CPU THROTTLING,0.15
119.0,81.55786320551788,155.17792042233881,CPU THROTTLING,0.15
120.0,81.38782834531443,153.78209984447216,CPU THROTTLING,0.15
121.0,81.14400089420482,152.40088056238804,CPU THROTTLING,0.15
122.0,80.8447328550081,151.04233919050625,CPU THROTTLING,0.15
123.0,80.50451100969566,149.71184271603843,CPU THROTTLING,0.15
124.0,80.13459113459662,148.4127902350619,CPU THROTTLING,0.15
125.0,79.74364798330511,147.14716071207943,CPU THROTTLING,0.15
126.0,79.33833917501426,145.91591456123464,CPU THROTTLING,0.15
127.0,78.92376192786114,144.71928724766596,CPU THROTTLING,0.15
128.0,78.50381124762349,143.55700384344843,CPU THROTTLING,0.15
129.0,78.08145659323698,142.42843588734374,CPU THROTTLING,0.15
130.0,77.65895423823713,141.33271610716307,CPU THROTTLING,0.15
131.0,77.23801005000674,140.26882229174555,CPU THROTTLING,0.15
132.0,76.81990442381209,139.23563850047677,CPU THROTTLING,0.15
133.0,76.40558842377654,138.231999566027,CPU THROTTLING,0.15
134.0,75.99575800385063,137.25672324052837,CPU THROTTLING,0.15
135.0,79.36041300221225,136.30863317846985,NOMINAL,0.15
136.0,77.33573330540474,135.38657511248144,CPU THROTTLING,0.15
137.0,79.913874508679,134.4894279692732,NOMINAL,0.15
138.0,81.26299767050448,133.61611122746845,NOMINAL,0.15
139.0,82.01032559776057,132.76558949108124,NOMINAL,0.15
140.0,82.45134204573563,131.93687500947823,NOMINAL,0.15
141.0,78.96062348989051,131.1290286937265,CPU THROTTLING,0.15
142.0,80.77422415261407,130.34116004374235,NOMINAL,0.15
143.0,81.70681198660336,129.57242629872394,NOMINAL,0.15
144.0,82.21574827902582,128.82203104634425,NOMINAL,0.15
145.0,82.51302446358802,128.0892224678111,NOMINAL,0.15
146.0,82.70043822043068,127.37329135153284,NOMINAL,0.15
147.0,82.82809186989358,126.67356897434063,NOMINAL,0.15
148.0,82.92135373836014,125.98942492345815,NOMINAL,0.15
149.0,79.22421693885082,125.32026491276198,CPU THROTTLING,0.15
150.0,80.90797572410631,124.66552863190238,NOMINAL,0.15
151.0,81.7542541884607,124.02468765545946,NOMINAL,0.15
152.0,82.20295036671502,123.39724343066511,NOMINAL,0.15
153.0,82.45642051255115,122.78272535568736,NOMINAL,0.15
154.0,82.6108973022077,122.18068895556785,NOMINAL,0.15
155.0,82.71311495491862,121.59071415924696,NOMINAL,0.15
156.0,82.78631049851838,121.01240367841719,NOMINAL,0.15
157.0,82.84239440502462,120.445381486989,NOMINAL,0.15
158.0,79.1217956198449,119.89269363550402,CPU THROTTLING,0.15
159.0,77.0469424402285,119.37816122608345,CPU THROTTLING,0.15
160.0,75.83992401273774,118.94876995988581,CPU THROTTLING,0.15
161.0,75.16290982710677,118.65435284780374,CPU THROTTLING,0.15
162.0,74.8705635878225,118.53649096938727,CPU THROTTLING,0.15
163.0,74.9019268352789,118.62597882443019,CPU THROTTLING,0.15
164.0,75.2315353996871,118.94317139491076,CPU THROTTLING,0.15
165.0,75.8473073200871,119.49923697171086,CPU THROTTLING,0.15
166.0,76.74069443697321,120.29757011524538,CPU THROTTLING,0.15
167.0,77.90246252668616,121.33510672479349,CPU THROTTLING,0.15
168.0,79.32105253293767,122.60347740400002,CPU THROTTLING,0.15
169.0,78.099356549142,124.0900058309801,EMERGENCY SAFE-MODE,0.85
170.0,79.96618183615952,125.7785780914615,CPU THROTTLING,0.15
171.0,79.00663032686761,127.65040842284098,EMERGENCY SAFE-MODE,0.85
172.0,78.40416919576504,129.68472009022904,EMERGENCY SAFE-MODE,0.85
173.0,77.93755670878373,131.85935279634143,EMERGENCY SAFE-MODE,0.85
174.0,77.67759773663131,134.1513022492963,EMERGENCY SAFE-MODE,0.85
175.0,77.63916879559164,136.53719385951578,EMERGENCY SAFE-MODE,0.85
176.0,77.80325163760986,138.99369089328505,EMERGENCY SAFE-MODE,0.85
177.0,78.13848581714639,141.49783735096855,EMERGENCY SAFE-MODE,0.85
178.0,78.61088111880356,144.02733682792413,EMERGENCY SAFE-MODE,0.85
179.0,79.18762010127021,146.5607701302766,EMERGENCY SAFE-MODE,0.85
180.0,79.83833041790248,149.07775601336428,EMERGENCY SAFE-MODE,0.85
181.0,80.53534141982863,151.55906076835615,EMERGENCY SAFE-MODE,0.85
182.0,81.25356795166267,153.98666331642528,EMERGENCY SAFE-MODE,0.85
183.0,81.97028262285279,156.34378291487778,EMERGENCY SAFE-MODE,0.85
184.0,82.66487546888915,158.61487656345875,EMERGENCY SAFE-MODE,0.85
185.0,83.31863327699583,160.78561280821313,EMERGENCY SAFE-MODE,0.85
186.0,83.91454516887684,162.84282798803147,EMERGENCY SAFE-MODE,0.85
187.0,84.43713233954944,164.77447016997672,EMERGENCY SAFE-MODE,0.85
188.0,84.87229782712981,166.56953517298928,EMERGENCY SAFE-MODE,0.85
189.0,85.20719250920415,168.21799826130126,EMERGENCY SAFE-MODE,0.85
190.0,85.43009445981154,169.7107443491855,EMERGENCY SAFE-MODE,0.85
191.0,85.530299729271,171.03949892502754,EMERGENCY SAFE-MODE,0.85
192.0,85.49802334600702,172.19676138455003,EMERGENCY SAFE-MODE,0.85
193.0,85.32430987166516,173.1757420569787,EMERGENCY SAFE-MODE,0.85
194.0,85.00095320685162,173.97030390271323,EMERGENCY SAFE-MODE,0.85
195.0,84.52042559089152,174.57490964128726,EMERGENCY SAFE-MODE,0.85
196.0,83.87581590345404,174.98457491736508,EMERGENCY SAFE-MODE,0.85
197.0,83.0607774859873,175.1948280139098,EMERGENCY SAFE-MODE,0.85
198.0,82.06948577358419,175.20167656039706,EMERGENCY SAFE-MODE,0.85
199.0,80.89660607175311,175.00158164652288,EMERGENCY SAFE-MODE,0.85
200.0,79.53727182978196,174.59143972620822,EMERGENCY SAFE-MODE,0.85
201.0,80.84299008086796,173.96857267198172,CPU THROTTLING,0.15
202.0,79.02063546850479,173.13072630608136,EMERGENCY SAFE-MODE,0.85
203.0,79.98035817831337,172.07945953710524,CPU THROTTLING,0.15
204.0,80.5699856668722,170.83711364482357,CPU THROTTLING,0.15
205.0,81.07584099652968,169.44862272925286,CPU THROTTLING,0.15
206.0,81.43592552056477,167.96143408787862,CPU THROTTLING,0.15
207.0,81.63271753364769,166.41539149303097,CPU THROTTLING,0.15
208.0,81.68142541357652,164.84116612355461,CPU THROTTLING,0.15
209.0,81.60778767935777,163.26129309077132,CPU THROTTLING,0.15
210.0,81.43776340979089,161.69181995197087,CPU THROTTLING,0.15
211.0,81.19389353097431,160.14387291126386,CPU THROTTLING,0.15
212.0,80.8945361093773,158.62494192179466,CPU THROTTLING,0.15
213.0,80.55418342423603,157.1398702772318,CPU THROTTLING,0.15
214.0,80.18409604581595,155.6915932376647,CPU THROTTLING,0.15
215.0,79.79295286647226,154.2816807550303,CPU THROTTLING,0.15
216.0,79.38741508874358,152.9107332769373,CPU THROTTLING,0.15
217.0,78.97258305928149,151.57866951075573,CPU THROTTLING,0.15
218.0,78.5523545427962,150.28493545224998,CPU THROTTLING,0.15
219.0,78.12970145494901,149.02865620670727,CPU THROTTLING,0.15
220.0,77.70688227546921,147.8087462273669,CPU THROTTLING,0.15
221.0,77.28560486666109,146.623989260281,CPU THROTTLING,0.15
222.0,76.86715143736194,145.47309615162786,CPU THROTTLING,0.15
223.0,76.4524747069918,144.35474642508728,CPU THROTTLING,0.15
224.0,76.04227214464001,143.26761792569653,CPU THROTTLING,0.15
225.0,79.40654319276378,142.21040766981028,NOMINAL,0.15
226.0,77.38147041519909,141.18184620694046,CPU THROTTLING,0.15
227.0,79.95921037479036,140.18070719507406,NOMINAL,0.15
228.0,81.30792350561944,139.20581345076752,NOMINAL,0.15
229.0,82.0548346012941,138.2560404125207,NOMINAL,0.15
230.0,78.72608305170962,137.33031771788333,CPU THROTTLING,0.15
231.0,80.62960812458161,136.42762941821093,NOMINAL,0.15
232.0,81.61487418341187,135.54701322339199,NOMINAL,0.15
233.0,82.15644897241683,134.6875590703259,NOMINAL,0.15
234.0,82.47507821138451,133.84840723484476,NOMINAL,0.15
235.0,82.67716805487217,133.02874615089482,NOMINAL,0.15
236.0,82.81534664093918,132.22781005854358,NOMINAL,0.15
237.0,82.91642958711918,131.44487657038061,NOMINAL,0.15
238.0,79.22527789431813,130.67926422162657,CPU THROTTLING,0.15
239.0,80.91372975142295,129.93033005088543,NOMINAL,0.15
240.0,81.76376312242998,129.1974672445632,NOMINAL,0.15
241.0,82.21551445661933,128.4801028674722,NOMINAL,0.15
242.0,82.47150527117152,127.77769569423953,NOMINAL,0.15
243.0,82.62808558073138,127.08973415022858,NOMINAL,0.15
244.0,82.73207471590968,126.41573436629686,NOMINAL,0.15
245.0,82.80677265531227,125.75523834849372,NOMINAL,0.15
246.0,82.86413728922828,125.10781226147171,NOMINAL,0.15
247.0,82.91054965648614,124.47304482273454,NOMINAL,0.15
248.0,79.18366447156208,123.85394724320636,CPU THROTTLING,0.15
249.0,77.1044721807691,123.27428912709648,CPU THROTTLING,0.15
250.0,75.89428709651048,122.78095238966765,CPU THROTTLING,0.15
251.0,75.21484507402099,122.423597805068,CPU THROTTLING,0.15
252.0,74.92055530157226,122.24358071446228,CPU THROTTLING,0.15
253.0,74.9503027567455,122.27144023011365,CPU THROTTLING,0.15
254.0,75.27852272765999,122.52726834160109,CPU THROTTLING,0.15
255.0,75.89306623818914,123.02198009702025,CPU THROTTLING,0.15
256.0,76.78533906478854,123.75873934435462,CPU THROTTLING,0.15
257.0,77.94607453963715,124.73428288869746,CPU THROTTLING,0.15
258.0,79.36369033654081,125.94008006976546,CPU THROTTLING,0.15
259.0,78.1409369013586,127.3633350247682,EMERGENCY SAFE-MODE,0.85
260.0,80.00640744202695,128.98785792499925,CPU THROTTLING,0.15
261.0,79.0456056991789,130.79483083150345,EMERGENCY SAFE-MODE,0.85
262.0,78.44169387157808,132.76348704632684,EMERGENCY SAFE-MODE,0.85
263.0,77.97354727878555,134.87171553895482,EMERGENCY SAFE-MODE,0.85
264.0,77.7120773494326,137.0965963051961,EMERGENCY SAFE-MODE,0.85
265.0,77.67219893021357,139.4148689229118,EMERGENCY SAFE-MODE,0.85
266.0,77.83490236253535,141.8033349682132,EMERGENCY SAFE-MODE,0.85
267.0,78.16882508985624,144.23919490932283,EMERGENCY SAFE-MODE,0.85
268.0,78.63997182312238,146.700321065373,EMERGENCY SAFE-MODE,0.85
269.0,79.21551994817682,149.1654696828799,EMERGENCY SAFE-MODE,0.85
